chr1	2488854	2488855	SNP1
chr1	2903104	2903105	SNP2
chr1	6514009	6514010	SNP3
chr1	10266468	10266469	SNP4
chr1	13948006	13948007	SNP5
chr1	16812632	16812633	SNP6
chr1	16840272	16840273	SNP7
chr1	17536400	17536401	SNP8
chr1	20569995	20569996	SNP9
chr1	21974525	21974526	SNP10
chr1	22986918	22986919	SNP11
chr1	23702591	23702592	SNP12
chr1	27030831	27030832	SNP13
chr1	27831991	27831992	SNP14
chr1	29686413	29686414	SNP15
chr1	31519134	31519135	SNP16
chr1	34558291	34558292	SNP17
chr1	34558337	34558338	SNP18
chr1	34558339	34558340	SNP19
chr1	37668588	37668589	SNP20
chr1	39227249	39227250	SNP21
chr1	40256065	40256066	SNP22
chr1	46701533	46701534	SNP23
chr1	47511524	47511525	SNP24
chr1	51376942	51376943	SNP25
chr1	51476733	51476734	SNP26
chr1	53424872	53424873	SNP27
chr1	53842107	53842108	SNP28
chr1	56060510	56060511	SNP29
chr1	60698899	60698900	SNP30
chr1	63767149	63767150	SNP31
chr1	64314853	64314854	SNP32
chr1	66109712	66109713	SNP33
chr1	66733400	66733401	SNP34
chr1	67020054	67020055	SNP35
chr1	73734737	73734738	SNP36
chr1	74022864	74022865	SNP37
chr1	74425389	74425390	SNP38
chr1	74825180	74825181	SNP39
chr1	74835132	74835133	SNP40
chr1	75567917	75567918	SNP41
chr1	78803055	78803056	SNP42
chr1	79314393	79314394	SNP43
chr1	79610081	79610082	SNP44
chr1	83267745	83267746	SNP45
chr1	83326506	83326507	SNP46
chr1	83533673	83533674	SNP47
chr1	84391042	84391043	SNP48
chr1	87036365	87036366	SNP49
chr1	90196833	90196834	SNP50
chr1	90888199	90888200	SNP51
chr1	95951223	95951224	SNP52
chr1	98619503	98619504	SNP53
chr1	98714899	98714900	SNP54
chr1	98724675	98724676	SNP55
chr1	103322420	103322421	SNP56
chr1	104465517	104465518	SNP57
chr1	104500445	104500446	SNP58
chr1	104746960	104746961	SNP59
chr1	106544811	106544812	SNP60
chr1	106683083	106683084	SNP61
chr1	107551507	107551508	SNP62
chr1	109010455	109010456	SNP63
chr1	113828078	113828079	SNP64
chr1	119500362	119500363	SNP65
chr1	146480779	146480780	SNP66
chr1	147367391	147367392	SNP67
chr1	149820637	149820638	SNP68
chr1	150473105	150473106	SNP69
chr1	155637413	155637414	SNP70
chr1	156133676	156133677	SNP71
chr1	156338480	156338481	SNP72
chr1	157758299	157758300	SNP73
chr1	161618293	161618294	SNP74
chr1	165059920	165059921	SNP75
chr1	165288090	165288091	SNP76
chr1	171106539	171106540	SNP77
chr1	175440409	175440410	SNP78
chr1	178984753	178984754	SNP79
chr1	179208391	179208392	SNP80
chr1	179213870	179213871	SNP81
chr1	179610662	179610663	SNP82
chr1	180028340	180028341	SNP83
chr1	184318377	184318378	SNP84
chr1	184752731	184752732	SNP85
chr1	185456576	185456577	SNP86
chr1	186716199	186716200	SNP87
chr1	187817177	187817178	SNP88
chr1	189296485	189296486	SNP89
chr1	189748134	189748135	SNP90
chr1	189793445	189793446	SNP91
chr1	193369295	193369296	SNP92
chr1	195325612	195325613	SNP93
chr1	195538298	195538299	SNP94
chr1	200686950	200686951	SNP95
chr1	203275059	203275060	SNP96
chr1	209281626	209281627	SNP97
chr1	211109153	211109154	SNP98
chr1	213428897	213428898	SNP99
chr1	213690830	213690831	SNP100
chr1	213794612	213794613	SNP101
chr1	214289396	214289397	SNP102
chr1	215584219	215584220	SNP103
chr1	215594311	215594312	SNP104
chr1	216164905	216164906	SNP105
chr1	216353740	216353741	SNP106
chr1	217900627	217900628	SNP107
chr1	220967987	220967988	SNP108
chr1	223825804	223825805	SNP109
chr1	225528952	225528953	SNP110
chr1	226169620	226169621	SNP111
chr1	227223005	227223006	SNP112
chr1	229440539	229440540	SNP113
chr1	230063437	230063438	SNP114
chr1	232857881	232857882	SNP115
chr1	234319885	234319886	SNP116
chr1	237534947	237534948	SNP117
chr1	238028553	238028554	SNP118
chr1	238641159	238641160	SNP119
chr1	238799001	238799002	SNP120
chr1	238799029	238799030	SNP121
chr1	238806290	238806291	SNP122
chr1	240835238	240835239	SNP123
chr1	243119719	243119720	SNP124
chr1	243216712	243216713	SNP125
chr1	243299239	243299240	SNP126
chr1	243299253	243299254	SNP127
chr1	243302526	243302527	SNP128
chr1	243316934	243316935	SNP129
chr1	243320279	243320280	SNP130
chr1	246630619	246630620	SNP131
chr2	3343170	3343171	SNP132
chr2	4052833	4052834	SNP133
chr2	4371642	4371643	SNP134
chr2	4529941	4529942	SNP135
chr2	4582839	4582840	SNP136
chr2	5220543	5220544	SNP137
chr2	5299639	5299640	SNP138
chr2	7771615	7771616	SNP139
chr2	13568359	13568360	SNP140
chr2	18963511	18963512	SNP141
chr2	20511961	20511962	SNP142
chr2	22319547	22319548	SNP143
chr2	22453909	22453910	SNP144
chr2	23201489	23201490	SNP145
chr2	26233768	26233769	SNP146
chr2	26663213	26663214	SNP147
chr2	27202810	27202811	SNP148
chr2	28735956	28735957	SNP149
chr2	29627837	29627838	SNP150
chr2	32195580	32195581	SNP151
chr2	35527985	35527986	SNP152
chr2	38309688	38309689	SNP153
chr2	43048584	43048585	SNP154
chr2	47359305	47359306	SNP155
chr2	48180773	48180774	SNP156
chr2	49570653	49570654	SNP157
chr2	49661453	49661454	SNP158
chr2	51501300	51501301	SNP159
chr2	51839937	51839938	SNP160
chr2	51888413	51888414	SNP161
chr2	52118477	52118478	SNP162
chr2	52648695	52648696	SNP163
chr2	54505638	54505639	SNP164
chr2	54552660	54552661	SNP165
chr2	57331445	57331446	SNP166
chr2	57952615	57952616	SNP167
chr2	64436528	64436529	SNP168
chr2	70558751	70558752	SNP169
chr2	72604412	72604413	SNP170
chr2	75442193	75442194	SNP171
chr2	75442268	75442269	SNP172
chr2	77007263	77007264	SNP173
chr2	77817025	77817026	SNP174
chr2	78296181	78296182	SNP175
chr2	78462845	78462846	SNP176
chr2	78691294	78691295	SNP177
chr2	78717410	78717411	SNP178
chr2	78722918	78722919	SNP179
chr2	78723002	78723003	SNP180
chr2	78723388	78723389	SNP181
chr2	78728007	78728008	SNP182
chr2	78730025	78730026	SNP183
chr2	81386187	81386188	SNP184
chr2	83012714	83012715	SNP185
chr2	83389262	83389263	SNP186
chr2	83783191	83783192	SNP187
chr2	86152481	86152482	SNP188
chr2	86941972	86941973	SNP189
chr2	87102148	87102149	SNP190
chr2	87102416	87102417	SNP191
chr2	87369645	87369646	SNP192
chr2	87463769	87463770	SNP193
chr2	88614649	88614650	SNP194
chr2	95489395	95489396	SNP195
chr2	96900843	96900844	SNP196
chr2	97047659	97047660	SNP197
chr2	101147832	101147833	SNP198
chr2	102584249	102584250	SNP199
chr2	102941728	102941729	SNP200
chr2	103924642	103924643	SNP201
chr2	104065758	104065759	SNP202
chr2	104707698	104707699	SNP203
chr2	110415838	110415839	SNP204
chr2	112011834	112011835	SNP205
chr2	112060570	112060571	SNP206
chr2	112323910	112323911	SNP207
chr2	112713369	112713370	SNP208
chr2	114233505	114233506	SNP209
chr2	114264314	114264315	SNP210
chr2	115762979	115762980	SNP211
chr2	116405147	116405148	SNP212
chr2	116812119	116812120	SNP213
chr2	116812125	116812126	SNP214
chr2	117367108	117367109	SNP215
chr2	117745156	117745157	SNP216
chr2	120253643	120253644	SNP217
chr2	120402082	120402083	SNP218
chr2	123068295	123068296	SNP219
chr2	124271941	124271942	SNP220
chr2	127965256	127965257	SNP221
chr2	127965256	127965257	SNP221
chr2	129204888	129204889	SNP222
chr2	132226708	132226709	SNP223
chr2	132447152	132447153	SNP224
chr2	132447153	132447154	SNP225
chr2	132447168	132447169	SNP226
chr2	132569809	132569810	SNP227
chr2	134132656	134132657	SNP228
chr2	134814868	134814869	SNP229
chr2	136637143	136637144	SNP230
chr2	136697053	136697054	SNP231
chr2	136712808	136712809	SNP232
chr2	137683652	137683653	SNP233
chr2	137968283	137968284	SNP234
chr2	138165069	138165070	SNP235
chr2	138477269	138477270	SNP236
chr2	138992516	138992517	SNP237
chr2	140268765	140268766	SNP238
chr2	140682726	140682727	SNP239
chr2	140843771	140843772	SNP240
chr2	141023161	141023162	SNP241
chr2	141046164	141046165	SNP242
chr2	141138861	141138862	SNP243
chr2	141337158	141337159	SNP244
chr2	141900076	141900077	SNP245
chr2	142741899	142741900	SNP246
chr2	143060029	143060030	SNP247
chr2	143691545	143691546	SNP248
chr2	145590726	145590727	SNP249
chr2	146930310	146930311	SNP250
chr2	148216752	148216753	SNP251
chr2	148527383	148527384	SNP252
chr2	148820555	148820556	SNP253
chr2	151196951	151196952	SNP254
chr2	151977589	151977590	SNP255
chr2	154101012	154101013	SNP256
chr2	155220146	155220147	SNP257
chr2	159776398	159776399	SNP258
chr2	163297028	163297029	SNP259
chr2	163650240	163650241	SNP260
chr2	163824835	163824836	SNP261
chr2	164195136	164195137	SNP262
chr2	164666793	164666794	SNP263
chr2	165255403	165255404	SNP264
chr2	173064859	173064860	SNP265
chr2	173350760	173350761	SNP266
chr2	176812960	176812961	SNP267
chr2	177958829	177958830	SNP268
chr2	178126951	178126952	SNP269
chr2	178921985	178921986	SNP270
chr2	180964231	180964232	SNP271
chr2	181426449	181426450	SNP272
chr2	184461370	184461371	SNP273
chr2	184692267	184692268	SNP274
chr2	185313826	185313827	SNP275
chr2	186076298	186076299	SNP276
chr2	186115960	186115961	SNP277
chr2	186328089	186328090	SNP278
chr2	186392072	186392073	SNP279
chr2	187182217	187182218	SNP280
chr2	187258310	187258311	SNP281
chr2	187723629	187723630	SNP282
chr2	187826950	187826951	SNP283
chr2	188564838	188564839	SNP284
chr2	189131303	189131304	SNP285
chr2	189560458	189560459	SNP286
chr2	193189731	193189732	SNP287
chr2	193637617	193637618	SNP288
chr2	193713943	193713944	SNP289
chr2	196611469	196611470	SNP290
chr2	198555130	198555131	SNP291
chr2	198942092	198942093	SNP292
chr2	199767088	199767089	SNP293
chr2	200046050	200046051	SNP294
chr2	201899997	201899998	SNP295
chr2	204592909	204592910	SNP296
chr2	205069265	205069266	SNP297
chr2	209973680	209973681	SNP298
chr2	210197940	210197941	SNP299
chr2	212998669	212998670	SNP300
chr2	213365426	213365427	SNP301
chr2	216213057	216213058	SNP302
chr2	217947818	217947819	SNP303
chr2	221957213	221957214	SNP304
chr2	225370087	225370088	SNP305
chr2	227030535	227030536	SNP306
chr2	228997392	228997393	SNP307
chr2	229735590	229735591	SNP308
chr2	231116836	231116837	SNP309
chr2	231468047	231468048	SNP310
chr2	231539298	231539299	SNP311
chr2	234927582	234927583	SNP312
chr2	235101426	235101427	SNP313
chr2	236290379	236290380	SNP314
chr2	237953788	237953789	SNP315
chr2	238509163	238509164	SNP316
chr2	240269959	240269960	SNP317
chr2	242081899	242081900	SNP318
chr2	243052120	243052121	SNP319
chr2	243052137	243052138	SNP320
chr3	658378	658379	SNP321
chr3	658384	658385	SNP322
chr3	661229	661230	SNP323
chr3	933253	933254	SNP324
chr3	1029363	1029364	SNP325
chr3	1689430	1689431	SNP326
chr3	4258005	4258006	SNP327
chr3	5483333	5483334	SNP328
chr3	6956904	6956905	SNP329
chr3	12123309	12123310	SNP330
chr3	13223403	13223404	SNP331
chr3	14038827	14038828	SNP332
chr3	15174114	15174115	SNP333
chr3	15182782	15182783	SNP334
chr3	21642940	21642941	SNP335
chr3	22079022	22079023	SNP336
chr3	24752303	24752304	SNP337
chr3	30286500	30286501	SNP338
chr3	31944381	31944382	SNP339
chr3	33317826	33317827	SNP340
chr3	36197622	36197623	SNP341
chr3	37334186	37334187	SNP342
chr3	41000260	41000261	SNP343
chr3	41507673	41507674	SNP344
chr3	42060788	42060789	SNP345
chr3	47977846	47977847	SNP346
chr3	48569106	48569107	SNP347
chr3	48650253	48650254	SNP348
chr3	49319337	49319338	SNP349
chr3	50472464	50472465	SNP350
chr3	50773065	50773066	SNP351
chr3	51874371	51874372	SNP352
chr3	54731062	54731063	SNP353
chr3	54808333	54808334	SNP354
chr3	55056492	55056493	SNP355
chr3	55137707	55137708	SNP356
chr3	57547548	57547549	SNP357
chr3	58883667	58883668	SNP358
chr3	59347065	59347066	SNP359
chr3	59690939	59690940	SNP360
chr3	60153845	60153846	SNP361
chr3	62321944	62321945	SNP362
chr3	62987612	62987613	SNP363
chr3	64274560	64274561	SNP364
chr3	64380300	64380301	SNP365
chr3	65480023	65480024	SNP366
chr3	65615588	65615589	SNP367
chr3	66560440	66560441	SNP368
chr3	67746508	67746509	SNP369
chr3	70748787	70748788	SNP370
chr3	71127360	71127361	SNP371
chr3	71342578	71342579	SNP372
chr3	73891197	73891198	SNP373
chr3	74131877	74131878	SNP374
chr3	74254506	74254507	SNP375
chr3	76070489	76070490	SNP376
chr3	77663746	77663747	SNP377
chr3	77929174	77929175	SNP378
chr3	78119314	78119315	SNP379
chr3	78177386	78177387	SNP380
chr3	78177466	78177467	SNP381
chr3	78886608	78886609	SNP382
chr3	79190637	79190638	SNP383
chr3	80644675	80644676	SNP384
chr3	81246438	81246439	SNP385
chr3	83691914	83691915	SNP386
chr3	84092625	84092626	SNP387
chr3	84131474	84131475	SNP388
chr3	84884529	84884530	SNP389
chr3	85752781	85752782	SNP390
chr3	89121238	89121239	SNP391
chr3	94079286	94079287	SNP392
chr3	94927563	94927564	SNP393
chr3	95001523	95001524	SNP394
chr3	97035593	97035594	SNP395
chr3	97213247	97213248	SNP396
chr3	98100644	98100645	SNP397
chr3	98124290	98124291	SNP398
chr3	99374070	99374071	SNP399
chr3	99645722	99645723	SNP400
chr3	100081569	100081570	SNP401
chr3	101419306	101419307	SNP402
chr3	101428397	101428398	SNP403
chr3	102401126	102401127	SNP404
chr3	102646978	102646979	SNP405
chr3	103082684	103082685	SNP406
chr3	103151960	103151961	SNP407
chr3	103826217	103826218	SNP408
chr3	105334163	105334164	SNP409
chr3	107999628	107999629	SNP410
chr3	108723946	108723947	SNP411
chr3	109782441	109782442	SNP412
chr3	109899277	109899278	SNP413
chr3	114086471	114086472	SNP414
chr3	116762887	116762888	SNP415
chr3	116816129	116816130	SNP416
chr3	117038360	117038361	SNP417
chr3	117557488	117557489	SNP418
chr3	118764972	118764973	SNP419
chr3	120292671	120292672	SNP420
chr3	120292740	120292741	SNP421
chr3	120292744	120292745	SNP422
chr3	122750234	122750235	SNP423
chr3	125443900	125443901	SNP424
chr3	125501386	125501387	SNP425
chr3	125501415	125501416	SNP426
chr3	125504283	125504284	SNP427
chr3	125509503	125509504	SNP428
chr3	125523864	125523865	SNP429
chr3	125531681	125531682	SNP430
chr3	125949570	125949571	SNP431
chr3	129719902	129719903	SNP432
chr3	129719907	129719908	SNP433
chr3	129926692	129926693	SNP434
chr3	129927265	129927266	SNP435
chr3	129927309	129927310	SNP436
chr3	132330018	132330019	SNP437
chr3	132931726	132931727	SNP438
chr3	135070954	135070955	SNP439
chr3	135274193	135274194	SNP440
chr3	136154637	136154638	SNP441
chr3	136971446	136971447	SNP442
chr3	137449777	137449778	SNP443
chr3	138738839	138738840	SNP444
chr3	140512921	140512922	SNP445
chr3	142451559	142451560	SNP446
chr3	142660397	142660398	SNP447
chr3	146286120	146286121	SNP448
chr3	147694554	147694555	SNP449
chr3	147816082	147816083	SNP450
chr3	150062841	150062842	SNP451
chr3	151303991	151303992	SNP452
chr3	154087567	154087568	SNP453
chr3	155163123	155163124	SNP454
chr3	157665320	157665321	SNP455
chr3	160686487	160686488	SNP456
chr3	160768248	160768249	SNP457
chr3	163525288	163525289	SNP458
chr3	164255784	164255785	SNP459
chr3	164302139	164302140	SNP460
chr3	164411508	164411509	SNP461
chr3	165784639	165784640	SNP462
chr3	166020649	166020650	SNP463
chr3	166962088	166962089	SNP464
chr3	174429737	174429738	SNP465
chr3	175765757	175765758	SNP466
chr3	175989849	175989850	SNP467
chr3	176389752	176389753	SNP468
chr3	176516583	176516584	SNP469
chr3	180539372	180539373	SNP470
chr3	180611650	180611651	SNP471
chr3	181473305	181473306	SNP472
chr3	181923190	181923191	SNP473
chr3	183770941	183770942	SNP474
chr3	183844621	183844622	SNP475
chr3	183983683	183983684	SNP476
chr3	184031189	184031190	SNP477
chr3	187462662	187462663	SNP478
chr3	187462685	187462686	SNP479
chr3	187462717	187462718	SNP480
chr3	187462925	187462926	SNP481
chr3	188723909	188723910	SNP482
chr3	189484821	189484822	SNP483
chr3	190223090	190223091	SNP484
chr3	191639602	191639603	SNP485
chr3	193914275	193914276	SNP486
chr3	194813706	194813707	SNP487
chr3	194813710	194813711	SNP488
chr3	195126844	195126845	SNP489
chr3	197075895	197075896	SNP490
chr4	246914	246915	SNP491
chr4	609009	609010	SNP492
chr4	1027650	1027651	SNP493
chr4	2399460	2399461	SNP494
chr4	3095852	3095853	SNP495
chr4	5780818	5780819	SNP496
chr4	9574955	9574956	SNP497
chr4	9576205	9576206	SNP498
chr4	9586082	9586083	SNP499
chr4	9586390	9586391	SNP500
chr4	11826737	11826738	SNP501
chr4	12624943	12624944	SNP502
chr4	14150658	14150659	SNP503
chr4	15068859	15068860	SNP504
chr4	15375423	15375424	SNP505
chr4	18239304	18239305	SNP506
chr4	18574818	18574819	SNP507
chr4	22803414	22803415	SNP508
chr4	23150907	23150908	SNP509
chr4	25829591	25829592	SNP510
chr4	26925244	26925245	SNP511
chr4	27953509	27953510	SNP512
chr4	28285358	28285359	SNP513
chr4	28979857	28979858	SNP514
chr4	29126606	29126607	SNP515
chr4	29188984	29188985	SNP516
chr4	32143410	32143411	SNP517
chr4	32283379	32283380	SNP518
chr4	32937873	32937874	SNP519
chr4	33114987	33114988	SNP520
chr4	34067239	34067240	SNP521
chr4	34543237	34543238	SNP522
chr4	35252910	35252911	SNP523
chr4	37555703	37555704	SNP524
chr4	37661324	37661325	SNP525
chr4	37731774	37731775	SNP526
chr4	40767776	40767777	SNP527
chr4	41817002	41817003	SNP528
chr4	45095819	45095820	SNP529
chr4	45309028	45309029	SNP530
chr4	45696011	45696012	SNP531
chr4	47623243	47623244	SNP532
chr4	48978991	48978992	SNP533
chr4	55122318	55122319	SNP534
chr4	55122336	55122337	SNP535
chr4	56514959	56514960	SNP536
chr4	58226587	58226588	SNP537
chr4	58857307	58857308	SNP538
chr4	59536989	59536990	SNP539
chr4	59855746	59855747	SNP540
chr4	60045306	60045307	SNP541
chr4	60949449	60949450	SNP542
chr4	61415463	61415464	SNP543
chr4	62640331	62640332	SNP544
chr4	63016263	63016264	SNP545
chr4	64203221	64203222	SNP546
chr4	64229621	64229622	SNP547
chr4	65145865	65145866	SNP548
chr4	65214501	65214502	SNP549
chr4	65691010	65691011	SNP550
chr4	67924118	67924119	SNP551
chr4	68237815	68237816	SNP552
chr4	68555615	68555616	SNP553
chr4	68857991	68857992	SNP554
chr4	70167692	70167693	SNP555
chr4	70167703	70167704	SNP556
chr4	70204693	70204694	SNP557
chr4	70205198	70205199	SNP558
chr4	70272518	70272519	SNP559
chr4	73060619	73060620	SNP560
chr4	77021473	77021474	SNP561
chr4	79048364	79048365	SNP562
chr4	81176134	81176135	SNP563
chr4	88349250	88349251	SNP564
chr4	91333307	91333308	SNP565
chr4	91443481	91443482	SNP566
chr4	92143664	92143665	SNP567
chr4	92491255	92491256	SNP568
chr4	92519236	92519237	SNP569
chr4	94720591	94720592	SNP570
chr4	94958158	94958159	SNP571
chr4	95217822	95217823	SNP572
chr4	96452734	96452735	SNP573
chr4	96453185	96453186	SNP574
chr4	97998358	97998359	SNP575
chr4	98141575	98141576	SNP576
chr4	98245416	98245417	SNP577
chr4	98675325	98675326	SNP578
chr4	100264955	100264956	SNP579
chr4	101778597	101778598	SNP580
chr4	102235993	102235994	SNP581
chr4	103946075	103946076	SNP582
chr4	107407669	107407670	SNP583
chr4	107859537	107859538	SNP584
chr4	108950397	108950398	SNP585
chr4	109015108	109015109	SNP586
chr4	109634059	109634060	SNP587
chr4	109634060	109634061	SNP588
chr4	109634088	109634089	SNP589
chr4	109863167	109863168	SNP590
chr4	110868966	110868967	SNP591
chr4	114219264	114219265	SNP592
chr4	116831056	116831057	SNP593
chr4	117337019	117337020	SNP594
chr4	117628561	117628562	SNP595
chr4	118796370	118796371	SNP596
chr4	120295862	120295863	SNP597
chr4	120295873	120295874	SNP598
chr4	120295874	120295875	SNP599
chr4	120322631	120322632	SNP600
chr4	120322635	120322636	SNP601
chr4	121048995	121048996	SNP602
chr4	121048999	121049000	SNP603
chr4	121049001	121049002	SNP604
chr4	121056278	121056279	SNP605
chr4	121730913	121730914	SNP606
chr4	121860318	121860319	SNP607
chr4	125035460	125035461	SNP608
chr4	125475963	125475964	SNP609
chr4	125888486	125888487	SNP610
chr4	125888487	125888488	SNP611
chr4	126851564	126851565	SNP612
chr4	126924783	126924784	SNP613
chr4	128124810	128124811	SNP614
chr4	128151792	128151793	SNP615
chr4	130328752	130328753	SNP616
chr4	130526536	130526537	SNP617
chr4	130565254	130565255	SNP618
chr4	131996513	131996514	SNP619
chr4	132062886	132062887	SNP620
chr4	132709317	132709318	SNP621
chr4	132871075	132871076	SNP622
chr4	133516365	133516366	SNP623
chr4	134278420	134278421	SNP624
chr4	134445396	134445397	SNP625
chr4	134923341	134923342	SNP626
chr4	135105619	135105620	SNP627
chr4	135551567	135551568	SNP628
chr4	135591316	135591317	SNP629
chr4	136429875	136429876	SNP630
chr4	136879467	136879468	SNP631
chr4	138230923	138230924	SNP632
chr4	138796285	138796286	SNP633
chr4	138864946	138864947	SNP634
chr4	139555168	139555169	SNP635
chr4	142285883	142285884	SNP636
chr4	142935852	142935853	SNP637
chr4	143653117	143653118	SNP638
chr4	143914559	143914560	SNP639
chr4	145518975	145518976	SNP640
chr4	148252579	148252580	SNP641
chr4	148391527	148391528	SNP642
chr4	150779752	150779753	SNP643
chr4	155643091	155643092	SNP644
chr4	156159837	156159838	SNP645
chr4	156223445	156223446	SNP646
chr4	157593628	157593629	SNP647
chr4	158104355	158104356	SNP648
chr4	158563354	158563355	SNP649
chr4	159214779	159214780	SNP650
chr4	160728276	160728277	SNP651
chr4	161714128	161714129	SNP652
chr4	162346916	162346917	SNP653
chr4	166172465	166172466	SNP654
chr4	166175236	166175237	SNP655
chr4	166175705	166175706	SNP656
chr4	166426792	166426793	SNP657
chr4	166492645	166492646	SNP658
chr4	167213139	167213140	SNP659
chr4	167850221	167850222	SNP660
chr4	168473849	168473850	SNP661
chr4	172206326	172206327	SNP662
chr4	172970150	172970151	SNP663
chr4	173027326	173027327	SNP664
chr4	173209072	173209073	SNP665
chr4	175716386	175716387	SNP666
chr4	175825357	175825358	SNP667
chr4	176431202	176431203	SNP668
chr4	177866258	177866259	SNP669
chr4	178819645	178819646	SNP670
chr4	179142042	179142043	SNP671
chr4	179442630	179442631	SNP672
chr4	181093806	181093807	SNP673
chr4	181373449	181373450	SNP674
chr4	182775977	182775978	SNP675
chr4	184411488	184411489	SNP676
chr4	184924176	184924177	SNP677
chr4	185679833	185679834	SNP678
chr4	186454910	186454911	SNP679
chr4	188029527	188029528	SNP680
chr4	188174309	188174310	SNP681
chr4	188174310	188174311	SNP682
chr4	188272139	188272140	SNP683
chr4	188484863	188484864	SNP684
chr4	188783768	188783769	SNP685
chr4	188902602	188902603	SNP686
chr4	190878397	190878398	SNP687
chr5	1202133	1202134	SNP688
chr5	4559275	4559276	SNP689
chr5	5551237	5551238	SNP690
chr5	5812067	5812068	SNP691
chr5	8268774	8268775	SNP692
chr5	8368981	8368982	SNP693
chr5	9514460	9514461	SNP694
chr5	10070308	10070309	SNP695
chr5	11958132	11958133	SNP696
chr5	11958133	11958134	SNP697
chr5	12248234	12248235	SNP698
chr5	12960805	12960806	SNP699
chr5	13210940	13210941	SNP700
chr5	15308374	15308375	SNP701
chr5	15634018	15634019	SNP702
chr5	17015295	17015296	SNP703
chr5	18004692	18004693	SNP704
chr5	19064255	19064256	SNP705
chr5	19100299	19100300	SNP706
chr5	20325552	20325553	SNP707
chr5	20689520	20689521	SNP708
chr5	21522589	21522590	SNP709
chr5	22005320	22005321	SNP710
chr5	22881860	22881861	SNP711
chr5	22905604	22905605	SNP712
chr5	23691065	23691066	SNP713
chr5	24270270	24270271	SNP714
chr5	24452457	24452458	SNP715
chr5	25159652	25159653	SNP716
chr5	25623828	25623829	SNP717
chr5	25641466	25641467	SNP718
chr5	26116192	26116193	SNP719
chr5	26320334	26320335	SNP720
chr5	27486907	27486908	SNP721
chr5	30115837	30115838	SNP722
chr5	30742524	30742525	SNP723
chr5	33187150	33187151	SNP724
chr5	34285116	34285117	SNP725
chr5	34369330	34369331	SNP726
chr5	37109220	37109221	SNP727
chr5	37483538	37483539	SNP728
chr5	40917851	40917852	SNP729
chr5	41022885	41022886	SNP730
chr5	41028038	41028039	SNP731
chr5	41044091	41044092	SNP732
chr5	44556415	44556416	SNP733
chr5	49770564	49770565	SNP734
chr5	50450575	50450576	SNP735
chr5	51069199	51069200	SNP736
chr5	51346681	51346682	SNP737
chr5	51834434	51834435	SNP738
chr5	52906975	52906976	SNP739
chr5	56234079	56234080	SNP740
chr5	56260392	56260393	SNP741
chr5	56486582	56486583	SNP742
chr5	57096298	57096299	SNP743
chr5	58934145	58934146	SNP744
chr5	61094001	61094002	SNP745
chr5	61534105	61534106	SNP746
chr5	63142164	63142165	SNP747
chr5	64189650	64189651	SNP748
chr5	65795466	65795467	SNP749
chr5	65926248	65926249	SNP750
chr5	66458778	66458779	SNP751
chr5	70623904	70623905	SNP752
chr5	70765085	70765086	SNP753
chr5	71306215	71306216	SNP754
chr5	75192370	75192371	SNP755
chr5	75192392	75192393	SNP756
chr5	75529295	75529296	SNP757
chr5	75606080	75606081	SNP758
chr5	77903113	77903114	SNP759
chr5	82128008	82128009	SNP760
chr5	83319474	83319475	SNP761
chr5	84075955	84075956	SNP762
chr5	85436112	85436113	SNP763
chr5	88504764	88504765	SNP764
chr5	88960534	88960535	SNP765
chr5	91324574	91324575	SNP766
chr5	91800456	91800457	SNP767
chr5	94297941	94297942	SNP768
chr5	97557219	97557220	SNP769
chr5	98674116	98674117	SNP770
chr5	98893768	98893769	SNP771
chr5	99408391	99408392	SNP772
chr5	99428505	99428506	SNP773
chr5	99480794	99480795	SNP774
chr5	99549775	99549776	SNP775
chr5	99669745	99669746	SNP776
chr5	99675456	99675457	SNP777
chr5	101401333	101401334	SNP778
chr5	101746929	101746930	SNP779
chr5	102926794	102926795	SNP780
chr5	103224128	103224129	SNP781
chr5	104912340	104912341	SNP782
chr5	112966201	112966202	SNP783
chr5	113662884	113662885	SNP784
chr5	113679887	113679888	SNP785
chr5	113744603	113744604	SNP786
chr5	117147585	117147586	SNP787
chr5	120344073	120344074	SNP788
chr5	120649494	120649495	SNP789
chr5	121396449	121396450	SNP790
chr5	121630178	121630179	SNP791
chr5	121699428	121699429	SNP792
chr5	123908577	123908578	SNP793
chr5	126469655	126469656	SNP794
chr5	126700074	126700075	SNP795
chr5	127884494	127884495	SNP796
chr5	128068453	128068454	SNP797
chr5	128991708	128991709	SNP798
chr5	129038223	129038224	SNP799
chr5	130235820	130235821	SNP800
chr5	136521346	136521347	SNP801
chr5	138697462	138697463	SNP802
chr5	140051011	140051012	SNP803
chr5	141165926	141165927	SNP804
chr5	142177184	142177185	SNP805
chr5	144820847	144820848	SNP806
chr5	145799884	145799885	SNP807
chr5	146553829	146553830	SNP808
chr5	151215077	151215078	SNP809
chr5	153048710	153048711	SNP810
chr5	154899323	154899324	SNP811
chr5	160628600	160628601	SNP812
chr5	161677945	161677946	SNP813
chr5	161801327	161801328	SNP814
chr5	162441285	162441286	SNP815
chr5	162477067	162477068	SNP816
chr5	164230400	164230401	SNP817
chr5	166261021	166261022	SNP818
chr5	167720763	167720764	SNP819
chr5	168237824	168237825	SNP820
chr5	168289831	168289832	SNP821
chr5	174812737	174812738	SNP822
chr5	176130903	176130904	SNP823
chr5	178587736	178587737	SNP824
chr6	3782928	3782929	SNP825
chr6	5831152	5831153	SNP826
chr6	5902536	5902537	SNP827
chr6	6149488	6149489	SNP828
chr6	6458372	6458373	SNP829
chr6	6458373	6458374	SNP830
chr6	7763769	7763770	SNP831
chr6	8277488	8277489	SNP832
chr6	14076876	14076877	SNP833
chr6	17696067	17696068	SNP834
chr6	18967552	18967553	SNP835
chr6	18967877	18967878	SNP836
chr6	21315733	21315734	SNP837
chr6	22699717	22699718	SNP838
chr6	23156985	23156986	SNP839
chr6	24156796	24156797	SNP840
chr6	24265626	24265627	SNP841
chr6	24265641	24265642	SNP842
chr6	24390603	24390604	SNP843
chr6	25381071	25381072	SNP844
chr6	25592278	25592279	SNP845
chr6	26100256	26100257	SNP846
chr6	27295972	27295973	SNP847
chr6	27767639	27767640	SNP848
chr6	27804692	27804693	SNP849
chr6	28782059	28782060	SNP850
chr6	30961021	30961022	SNP851
chr6	32971010	32971011	SNP852
chr6	38220773	38220774	SNP853
chr6	39103375	39103376	SNP854
chr6	39234856	39234857	SNP855
chr6	40406196	40406197	SNP856
chr6	40593882	40593883	SNP857
chr6	44434091	44434092	SNP858
chr6	48066182	48066183	SNP859
chr6	49193226	49193227	SNP860
chr6	49931359	49931360	SNP861
chr6	53056609	53056610	SNP862
chr6	54573439	54573440	SNP863
chr6	54676184	54676185	SNP864
chr6	55076609	55076610	SNP865
chr6	55148735	55148736	SNP866
chr6	55339347	55339348	SNP867
chr6	57615486	57615487	SNP868
chr6	57958141	57958142	SNP869
chr6	62893040	62893041	SNP870
chr6	64569683	64569684	SNP871
chr6	65025728	65025729	SNP872
chr6	67700041	67700042	SNP873
chr6	69119959	69119960	SNP874
chr6	71160105	71160106	SNP875
chr6	74228270	74228271	SNP876
chr6	74228284	74228285	SNP877
chr6	75252930	75252931	SNP878
chr6	76822953	76822954	SNP879
chr6	77253896	77253897	SNP880
chr6	78096657	78096658	SNP881
chr6	78922770	78922771	SNP882
chr6	80849501	80849502	SNP883
chr6	80849589	80849590	SNP884
chr6	81628024	81628025	SNP885
chr6	81903088	81903089	SNP886
chr6	82955013	82955014	SNP887
chr6	84100589	84100590	SNP888
chr6	84763847	84763848	SNP889
chr6	85396897	85396898	SNP890
chr6	85622800	85622801	SNP891
chr6	85972751	85972752	SNP892
chr6	86988115	86988116	SNP893
chr6	87178607	87178608	SNP894
chr6	87522029	87522030	SNP895
chr6	88364073	88364074	SNP896
chr6	89115005	89115006	SNP897
chr6	92733856	92733857	SNP898
chr6	92797704	92797705	SNP899
chr6	92972172	92972173	SNP900
chr6	93161279	93161280	SNP901
chr6	93664758	93664759	SNP902
chr6	94054504	94054505	SNP903
chr6	94295128	94295129	SNP904
chr6	94435255	94435256	SNP905
chr6	95213008	95213009	SNP906
chr6	95486061	95486062	SNP907
chr6	95502303	95502304	SNP908
chr6	95626070	95626071	SNP909
chr6	96797208	96797209	SNP910
chr6	97921514	97921515	SNP911
chr6	98104619	98104620	SNP912
chr6	98194270	98194271	SNP913
chr6	100572937	100572938	SNP914
chr6	101515574	101515575	SNP915
chr6	101520527	101520528	SNP916
chr6	103184401	103184402	SNP917
chr6	104005566	104005567	SNP918
chr6	104175389	104175390	SNP919
chr6	108240841	108240842	SNP920
chr6	110245299	110245300	SNP921
chr6	112514734	112514735	SNP922
chr6	113807971	113807972	SNP923
chr6	114527592	114527593	SNP924
chr6	114539931	114539932	SNP925
chr6	115410946	115410947	SNP926
chr6	117493886	117493887	SNP927
chr6	120277245	120277246	SNP928
chr6	121225797	121225798	SNP929
chr6	121910667	121910668	SNP930
chr6	121917239	121917240	SNP931
chr6	122704083	122704084	SNP932
chr6	123015599	123015600	SNP933
chr6	123429312	123429313	SNP934
chr6	123711103	123711104	SNP935
chr6	124269175	124269176	SNP936
chr6	124816136	124816137	SNP937
chr6	125000226	125000227	SNP938
chr6	126730002	126730003	SNP939
chr6	127489108	127489109	SNP940
chr6	133053686	133053687	SNP941
chr6	134167803	134167804	SNP942
chr6	134880072	134880073	SNP943
chr6	135119412	135119413	SNP944
chr6	137101095	137101096	SNP945
chr6	139356855	139356856	SNP946
chr6	141174681	141174682	SNP947
chr6	145247947	145247948	SNP948
chr6	146645961	146645962	SNP949
chr6	146911602	146911603	SNP950
chr6	147138720	147138721	SNP951
chr6	148511745	148511746	SNP952
chr6	150203329	150203330	SNP953
chr6	150779450	150779451	SNP954
chr6	153612855	153612856	SNP955
chr6	156959145	156959146	SNP956
chr6	159794994	159794995	SNP957
chr6	162363552	162363553	SNP958
chr6	165099353	165099354	SNP959
chr6	167616812	167616813	SNP960
chr6	169299728	169299729	SNP961
chr6	169408656	169408657	SNP962
chr7	589736	589737	SNP963
chr7	850874	850875	SNP964
chr7	2360541	2360542	SNP965
chr7	2372670	2372671	SNP966
chr7	2373098	2373099	SNP967
chr7	3659404	3659405	SNP968
chr7	6340083	6340084	SNP969
chr7	9336742	9336743	SNP970
chr7	10492545	10492546	SNP971
chr7	11218921	11218922	SNP972
chr7	14477174	14477175	SNP973
chr7	14966352	14966353	SNP974
chr7	18245986	18245987	SNP975
chr7	18282008	18282009	SNP976
chr7	20982855	20982856	SNP977
chr7	21034247	21034248	SNP978
chr7	22593771	22593772	SNP979
chr7	28696210	28696211	SNP980
chr7	29625822	29625823	SNP981
chr7	30492371	30492372	SNP982
chr7	38192959	38192960	SNP983
chr7	39063836	39063837	SNP984
chr7	40004749	40004750	SNP985
chr7	41634857	41634858	SNP986
chr7	42713475	42713476	SNP987
chr7	44027522	44027523	SNP988
chr7	45861912	45861913	SNP989
chr7	46148177	46148178	SNP990
chr7	52454396	52454397	SNP991
chr7	52887360	52887361	SNP992
chr7	53426789	53426790	SNP993
chr7	53535697	53535698	SNP994
chr7	54510192	54510193	SNP995
chr7	56950252	56950253	SNP996
chr7	62707834	62707835	SNP997
chr7	62709382	62709383	SNP998
chr7	62710897	62710898	SNP999
chr7	63902975	63902976	SNP1000
chr7	64185386	64185387	SNP1001
chr7	65185020	65185021	SNP1002
chr7	66375632	66375633	SNP1003
chr7	66753191	66753192	SNP1004
chr7	67360464	67360465	SNP1005
chr7	68463908	68463909	SNP1006
chr7	70673587	70673588	SNP1007
chr7	75125046	75125047	SNP1008
chr7	75642846	75642847	SNP1009
chr7	78422972	78422973	SNP1010
chr7	78423048	78423049	SNP1011
chr7	79420916	79420917	SNP1012
chr7	79564369	79564370	SNP1013
chr7	79933960	79933961	SNP1014
chr7	81036750	81036751	SNP1015
chr7	81067912	81067913	SNP1016
chr7	83171997	83171998	SNP1017
chr7	83356782	83356783	SNP1018
chr7	83503134	83503135	SNP1019
chr7	83683703	83683704	SNP1020
chr7	83802113	83802114	SNP1021
chr7	84328072	84328073	SNP1022
chr7	85908284	85908285	SNP1023
chr7	88182409	88182410	SNP1024
chr7	88864192	88864193	SNP1025
chr7	88893222	88893223	SNP1026
chr7	88952889	88952890	SNP1027
chr7	92838013	92838014	SNP1028
chr7	92999461	92999462	SNP1029
chr7	94175567	94175568	SNP1030
chr7	96211910	96211911	SNP1031
chr7	97005985	97005986	SNP1032
chr7	97514146	97514147	SNP1033
chr7	98194424	98194425	SNP1034
chr7	99165012	99165013	SNP1035
chr7	103936245	103936246	SNP1036
chr7	104203710	104203711	SNP1037
chr7	109319529	109319530	SNP1038
chr7	109544867	109544868	SNP1039
chr7	109832199	109832200	SNP1040
chr7	110314576	110314577	SNP1041
chr7	110458550	110458551	SNP1042
chr7	111468944	111468945	SNP1043
chr7	112856912	112856913	SNP1044
chr7	113071048	113071049	SNP1045
chr7	114097001	114097002	SNP1046
chr7	114378793	114378794	SNP1047
chr7	116057022	116057023	SNP1048
chr7	116938262	116938263	SNP1049
chr7	118895290	118895291	SNP1050
chr7	121130333	121130334	SNP1051
chr7	121443911	121443912	SNP1052
chr7	121683180	121683181	SNP1053
chr7	123554142	123554143	SNP1054
chr7	125483318	125483319	SNP1055
chr7	126705587	126705588	SNP1056
chr7	126903519	126903520	SNP1057
chr7	127163467	127163468	SNP1058
chr7	128742012	128742013	SNP1059
chr7	131230387	131230388	SNP1060
chr7	132542271	132542272	SNP1061
chr7	134475139	134475140	SNP1062
chr7	136907308	136907309	SNP1063
chr7	137257476	137257477	SNP1064
chr7	143006815	143006816	SNP1065
chr7	143006826	143006827	SNP1066
chr7	144233690	144233691	SNP1067
chr7	144233782	144233783	SNP1068
chr7	144233784	144233785	SNP1069
chr7	144544704	144544705	SNP1070
chr7	149220619	149220620	SNP1071
chr7	151932640	151932641	SNP1072
chr7	151963151	151963152	SNP1073
chr7	151963163	151963164	SNP1074
chr7	152894407	152894408	SNP1075
chr7	153480929	153480930	SNP1076
chr7	153808617	153808618	SNP1077
chr7	154245059	154245060	SNP1078
chr7	154409312	154409313	SNP1079
chr7	155740982	155740983	SNP1080
chr7	156299426	156299427	SNP1081
chr7	158181583	158181584	SNP1082
chr8	3737345	3737346	SNP1083
chr8	4271001	4271002	SNP1084
chr8	4529806	4529807	SNP1085
chr8	5174652	5174653	SNP1086
chr8	5940740	5940741	SNP1087
chr8	9196199	9196200	SNP1088
chr8	10724950	10724951	SNP1089
chr8	12280038	12280039	SNP1090
chr8	12475404	12475405	SNP1091
chr8	12475429	12475430	SNP1092
chr8	12475450	12475451	SNP1093
chr8	12476904	12476905	SNP1094
chr8	12476963	12476964	SNP1095
chr8	12479402	12479403	SNP1096
chr8	12513606	12513607	SNP1097
chr8	13389022	13389023	SNP1098
chr8	13539957	13539958	SNP1099
chr8	13785223	13785224	SNP1100
chr8	15039206	15039207	SNP1101
chr8	16380125	16380126	SNP1102
chr8	17666913	17666914	SNP1103
chr8	17729012	17729013	SNP1104
chr8	25687941	25687942	SNP1105
chr8	28325999	28326000	SNP1106
chr8	28673594	28673595	SNP1107
chr8	29034366	29034367	SNP1108
chr8	31326372	31326373	SNP1109
chr8	31922693	31922694	SNP1110
chr8	31922694	31922695	SNP1111
chr8	33783048	33783049	SNP1112
chr8	34148041	34148042	SNP1113
chr8	34551598	34551599	SNP1114
chr8	35225946	35225947	SNP1115
chr8	35306637	35306638	SNP1116
chr8	35811157	35811158	SNP1117
chr8	35907236	35907237	SNP1118
chr8	35972148	35972149	SNP1119
chr8	36111643	36111644	SNP1120
chr8	37155312	37155313	SNP1121
chr8	43040916	43040917	SNP1122
chr8	50469948	50469949	SNP1123
chr8	50621972	50621973	SNP1124
chr8	50629222	50629223	SNP1125
chr8	51002888	51002889	SNP1126
chr8	56248331	56248332	SNP1127
chr8	56808663	56808664	SNP1128
chr8	63007724	63007725	SNP1129
chr8	63794966	63794967	SNP1130
chr8	64502148	64502149	SNP1131
chr8	65200660	65200661	SNP1132
chr8	69185158	69185159	SNP1133
chr8	69318683	69318684	SNP1134
chr8	70063926	70063927	SNP1135
chr8	70147726	70147727	SNP1136
chr8	70461689	70461690	SNP1137
chr8	72094234	72094235	SNP1138
chr8	72935458	72935459	SNP1139
chr8	76341145	76341146	SNP1140
chr8	76856274	76856275	SNP1141
chr8	76893879	76893880	SNP1142
chr8	78053911	78053912	SNP1143
chr8	84560285	84560286	SNP1144
chr8	84720267	84720268	SNP1145
chr8	89300452	89300453	SNP1146
chr8	89463494	89463495	SNP1147
chr8	89472144	89472145	SNP1148
chr8	90940909	90940910	SNP1149
chr8	91725712	91725713	SNP1150
chr8	91725802	91725803	SNP1151
chr8	92507200	92507201	SNP1152
chr8	92869249	92869250	SNP1153
chr8	93186232	93186233	SNP1154
chr8	93949906	93949907	SNP1155
chr8	96869824	96869825	SNP1156
chr8	103624933	103624934	SNP1157
chr8	105032563	105032564	SNP1158
chr8	105300254	105300255	SNP1159
chr8	105300311	105300312	SNP1160
chr8	107040246	107040247	SNP1161
chr8	107040253	107040254	SNP1162
chr8	108764360	108764361	SNP1163
chr8	112176757	112176758	SNP1164
chr8	112428648	112428649	SNP1165
chr8	113019759	113019760	SNP1166
chr8	113104128	113104129	SNP1167
chr8	113188002	113188003	SNP1168
chr8	113332525	113332526	SNP1169
chr8	114602446	114602447	SNP1170
chr8	115297267	115297268	SNP1171
chr8	115521029	115521030	SNP1172
chr8	115521254	115521255	SNP1173
chr8	125492990	125492991	SNP1174
chr8	126753688	126753689	SNP1175
chr8	127059127	127059128	SNP1176
chr8	132403258	132403259	SNP1177
chr8	132482991	132482992	SNP1178
chr8	132537607	132537608	SNP1179
chr8	133371356	133371357	SNP1180
chr8	134912037	134912038	SNP1181
chr8	134944367	134944368	SNP1182
chr8	135149180	135149181	SNP1183
chr8	135273284	135273285	SNP1184
chr8	137798182	137798183	SNP1185
chr8	137848838	137848839	SNP1186
chr8	139085154	139085155	SNP1187
chr8	139891513	139891514	SNP1188
chr8	140865864	140865865	SNP1189
chr8	142272578	142272579	SNP1190
chr8	143985788	143985789	SNP1191
chr9	5467922	5467923	SNP1192
chr9	5584285	5584286	SNP1193
chr9	5679612	5679613	SNP1194
chr9	7312743	7312744	SNP1195
chr9	9601296	9601297	SNP1196
chr9	11926315	11926316	SNP1197
chr9	12462077	12462078	SNP1198
chr9	12620473	12620474	SNP1199
chr9	13893731	13893732	SNP1200
chr9	13980233	13980234	SNP1201
chr9	14878132	14878133	SNP1202
chr9	14951554	14951555	SNP1203
chr9	17930301	17930302	SNP1204
chr9	19434527	19434528	SNP1205
chr9	19434543	19434544	SNP1206
chr9	20266738	20266739	SNP1207
chr9	22889409	22889410	SNP1208
chr9	23967267	23967268	SNP1209
chr9	25035133	25035134	SNP1210
chr9	25142917	25142918	SNP1211
chr9	25706863	25706864	SNP1212
chr9	25975957	25975958	SNP1213
chr9	26135312	26135313	SNP1214
chr9	27250533	27250534	SNP1215
chr9	30294726	30294727	SNP1216
chr9	31283622	31283623	SNP1217
chr9	32457559	32457560	SNP1218
chr9	36958516	36958517	SNP1219
chr9	38030812	38030813	SNP1220
chr9	44180986	44180987	SNP1221
chr9	73548605	73548606	SNP1222
chr9	75458874	75458875	SNP1223
chr9	75462458	75462459	SNP1224
chr9	76820468	76820469	SNP1225
chr9	77486081	77486082	SNP1226
chr9	78204165	78204166	SNP1227
chr9	78858645	78858646	SNP1228
chr9	80352298	80352299	SNP1229
chr9	81717712	81717713	SNP1230
chr9	81717719	81717720	SNP1231
chr9	82756166	82756167	SNP1232
chr9	82756212	82756213	SNP1233
chr9	83927119	83927120	SNP1234
chr9	84880667	84880668	SNP1235
chr9	87994077	87994078	SNP1236
chr9	88416769	88416770	SNP1237
chr9	88416809	88416810	SNP1238
chr9	89257355	89257356	SNP1239
chr9	89549914	89549915	SNP1240
chr9	89549915	89549916	SNP1241
chr9	95231496	95231497	SNP1242
chr9	97905738	97905739	SNP1243
chr9	97988266	97988267	SNP1244
chr9	99764231	99764232	SNP1245
chr9	99764242	99764243	SNP1246
chr9	99873775	99873776	SNP1247
chr9	102437248	102437249	SNP1248
chr9	108822388	108822389	SNP1249
chr9	108961068	108961069	SNP1250
chr9	109448103	109448104	SNP1251
chr9	112680879	112680880	SNP1252
chr9	118049049	118049050	SNP1253
chr9	118607198	118607199	SNP1254
chr9	120309576	120309577	SNP1255
chr9	120794626	120794627	SNP1256
chr9	120917040	120917041	SNP1257
chr9	121649121	121649122	SNP1258
chr9	122000181	122000182	SNP1259
chr9	122795743	122795744	SNP1260
chr9	127600296	127600297	SNP1261
chr9	129712962	129712963	SNP1262
chr9	129712992	129712993	SNP1263
chr9	131093908	131093909	SNP1264
chr9	133591619	133591620	SNP1265
chr9	133987886	133987887	SNP1266
chr10	795395	795396	SNP1267
chr10	1160063	1160064	SNP1268
chr10	5000109	5000110	SNP1269
chr10	6008707	6008708	SNP1270
chr10	8236806	8236807	SNP1271
chr10	9481428	9481429	SNP1272
chr10	11775991	11775992	SNP1273
chr10	13458644	13458645	SNP1274
chr10	18508448	18508449	SNP1275
chr10	18764621	18764622	SNP1276
chr10	21858411	21858412	SNP1277
chr10	24219272	24219273	SNP1278
chr10	25480287	25480288	SNP1279
chr10	27351552	27351553	SNP1280
chr10	28296560	28296561	SNP1281
chr10	33638463	33638464	SNP1282
chr10	33680293	33680294	SNP1283
chr10	33843822	33843823	SNP1284
chr10	34039952	34039953	SNP1285
chr10	34543627	34543628	SNP1286
chr10	35254389	35254390	SNP1287
chr10	35448203	35448204	SNP1288
chr10	37302020	37302021	SNP1289
chr10	37589441	37589442	SNP1290
chr10	37908055	37908056	SNP1291
chr10	37986993	37986994	SNP1292
chr10	38575703	38575704	SNP1293
chr10	42656860	42656861	SNP1294
chr10	42911713	42911714	SNP1295
chr10	43400181	43400182	SNP1296
chr10	49824325	49824326	SNP1297
chr10	52416283	52416284	SNP1298
chr10	52420449	52420450	SNP1299
chr10	52731382	52731383	SNP1300
chr10	57127382	57127383	SNP1301
chr10	57362387	57362388	SNP1302
chr10	57709902	57709903	SNP1303
chr10	57833324	57833325	SNP1304
chr10	59554143	59554144	SNP1305
chr10	60901321	60901322	SNP1306
chr10	60934215	60934216	SNP1307
chr10	64436945	64436946	SNP1308
chr10	65214380	65214381	SNP1309
chr10	65982137	65982138	SNP1310
chr10	67038109	67038110	SNP1311
chr10	67709432	67709433	SNP1312
chr10	68137330	68137331	SNP1313
chr10	69358168	69358169	SNP1314
chr10	70414266	70414267	SNP1315
chr10	73014661	73014662	SNP1316
chr10	74413583	74413584	SNP1317
chr10	74997945	74997946	SNP1318
chr10	81992274	81992275	SNP1319
chr10	83397323	83397324	SNP1320
chr10	83597050	83597051	SNP1321
chr10	84425212	84425213	SNP1322
chr10	89405485	89405486	SNP1323
chr10	90385917	90385918	SNP1324
chr10	93913733	93913734	SNP1325
chr10	95235948	95235949	SNP1326
chr10	95544809	95544810	SNP1327
chr10	96504200	96504201	SNP1328
chr10	100093300	100093301	SNP1329
chr10	101534200	101534201	SNP1330
chr10	102234772	102234773	SNP1331
chr10	105593003	105593004	SNP1332
chr10	106399722	106399723	SNP1333
chr10	107077324	107077325	SNP1334
chr10	109238817	109238818	SNP1335
chr10	110148210	110148211	SNP1336
chr10	110431918	110431919	SNP1337
chr10	111194323	111194324	SNP1338
chr10	111984524	111984525	SNP1339
chr10	114931289	114931290	SNP1340
chr10	116788853	116788854	SNP1341
chr10	116962594	116962595	SNP1342
chr10	117270360	117270361	SNP1343
chr10	117270498	117270499	SNP1344
chr10	117273090	117273091	SNP1345
chr10	117273861	117273862	SNP1346
chr10	118843128	118843129	SNP1347
chr10	120406147	120406148	SNP1348
chr10	122711712	122711713	SNP1349
chr10	126440951	126440952	SNP1350
chr10	127516142	127516143	SNP1351
chr10	127579734	127579735	SNP1352
chr10	127599369	127599370	SNP1353
chr10	127605840	127605841	SNP1354
chr10	127612421	127612422	SNP1355
chr10	127612697	127612698	SNP1356
chr10	128156404	128156405	SNP1357
chr10	128542535	128542536	SNP1358
chr10	131808545	131808546	SNP1359
chr10	131847603	131847604	SNP1360
chr10	132319677	132319678	SNP1361
chr10	135461536	135461537	SNP1362
chr11	3371145	3371146	SNP1363
chr11	3556614	3556615	SNP1364
chr11	3560620	3560621	SNP1365
chr11	3560650	3560651	SNP1366
chr11	3560651	3560652	SNP1367
chr11	3560900	3560901	SNP1368
chr11	3561035	3561036	SNP1369
chr11	3561038	3561039	SNP1370
chr11	3561040	3561041	SNP1371
chr11	3584494	3584495	SNP1372
chr11	3590120	3590121	SNP1373
chr11	3653975	3653976	SNP1374
chr11	3920863	3920864	SNP1375
chr11	4877817	4877818	SNP1376
chr11	9896357	9896358	SNP1377
chr11	11701269	11701270	SNP1378
chr11	11812678	11812679	SNP1379
chr11	13046139	13046140	SNP1380
chr11	16686191	16686192	SNP1381
chr11	16905998	16905999	SNP1382
chr11	17038683	17038684	SNP1383
chr11	17368845	17368846	SNP1384
chr11	18057938	18057939	SNP1385
chr11	18848743	18848744	SNP1386
chr11	20912249	20912250	SNP1387
chr11	23910044	23910045	SNP1388
chr11	24070533	24070534	SNP1389
chr11	24818611	24818612	SNP1390
chr11	29930458	29930459	SNP1391
chr11	30694102	30694103	SNP1392
chr11	33639462	33639463	SNP1393
chr11	37524972	37524973	SNP1394
chr11	38781343	38781344	SNP1395
chr11	38881643	38881644	SNP1396
chr11	39997014	39997015	SNP1397
chr11	40303209	40303210	SNP1398
chr11	40357734	40357735	SNP1399
chr11	40896404	40896405	SNP1400
chr11	41407510	41407511	SNP1401
chr11	41846551	41846552	SNP1402
chr11	42611271	42611272	SNP1403
chr11	42757548	42757549	SNP1404
chr11	43106894	43106895	SNP1405
chr11	44793804	44793805	SNP1406
chr11	47110486	47110487	SNP1407
chr11	49583261	49583262	SNP1408
chr11	49840073	49840074	SNP1409
chr11	49840074	49840075	SNP1410
chr11	49840075	49840076	SNP1411
chr11	55649525	55649526	SNP1412
chr11	59281673	59281674	SNP1413
chr11	64720423	64720424	SNP1414
chr11	67316728	67316729	SNP1415
chr11	67706875	67706876	SNP1416
chr11	67739497	67739498	SNP1417
chr11	67754211	67754212	SNP1418
chr11	70999589	70999590	SNP1419
chr11	71385307	71385308	SNP1420
chr11	71392034	71392035	SNP1421
chr11	71463367	71463368	SNP1422
chr11	71463390	71463391	SNP1423
chr11	71598921	71598922	SNP1424
chr11	74787191	74787192	SNP1425
chr11	77665008	77665009	SNP1426
chr11	77665009	77665010	SNP1427
chr11	80408679	80408680	SNP1428
chr11	81147459	81147460	SNP1429
chr11	81559689	81559690	SNP1430
chr11	83657925	83657926	SNP1431
chr11	83909335	83909336	SNP1432
chr11	84262461	84262462	SNP1433
chr11	87875101	87875102	SNP1434
chr11	88599857	88599858	SNP1435
chr11	88739107	88739108	SNP1436
chr11	88907519	88907520	SNP1437
chr11	88990150	88990151	SNP1438
chr11	89030496	89030497	SNP1439
chr11	90280503	90280504	SNP1440
chr11	91606803	91606804	SNP1441
chr11	91807841	91807842	SNP1442
chr11	93114535	93114536	SNP1443
chr11	97043325	97043326	SNP1444
chr11	97220717	97220718	SNP1445
chr11	97556827	97556828	SNP1446
chr11	99468027	99468028	SNP1447
chr11	99652823	99652824	SNP1448
chr11	103149051	103149052	SNP1449
chr11	104313759	104313760	SNP1450
chr11	105103622	105103623	SNP1451
chr11	108649705	108649706	SNP1452
chr11	112548559	112548560	SNP1453
chr11	115171651	115171652	SNP1454
chr11	116146833	116146834	SNP1455
chr11	116537970	116537971	SNP1456
chr11	117993684	117993685	SNP1457
chr11	118316515	118316516	SNP1458
chr11	120555848	120555849	SNP1459
chr11	123018852	123018853	SNP1460
chr11	123269415	123269416	SNP1461
chr11	130965144	130965145	SNP1462
chr12	3323806	3323807	SNP1463
chr12	4721370	4721371	SNP1464
chr12	5142974	5142975	SNP1465
chr12	8381196	8381197	SNP1466
chr12	9764663	9764664	SNP1467
chr12	9821134	9821135	SNP1468
chr12	10423571	10423572	SNP1469
chr12	11083683	11083684	SNP1470
chr12	12825411	12825412	SNP1471
chr12	15184833	15184834	SNP1472
chr12	16225769	16225770	SNP1473
chr12	18782170	18782171	SNP1474
chr12	22694192	22694193	SNP1475
chr12	32798180	32798181	SNP1476
chr12	33679406	33679407	SNP1477
chr12	34394184	34394185	SNP1478
chr12	39483634	39483635	SNP1479
chr12	41584449	41584450	SNP1480
chr12	43667040	43667041	SNP1481
chr12	47357003	47357004	SNP1482
chr12	47509730	47509731	SNP1483
chr12	53743607	53743608	SNP1484
chr12	56590805	56590806	SNP1485
chr12	56971488	56971489	SNP1486
chr12	57317713	57317714	SNP1487
chr12	60085530	60085531	SNP1488
chr12	63537828	63537829	SNP1489
chr12	67344761	67344762	SNP1490
chr12	67351237	67351238	SNP1491
chr12	67566298	67566299	SNP1492
chr12	73716095	73716096	SNP1493
chr12	77763633	77763634	SNP1494
chr12	78362539	78362540	SNP1495
chr12	78400765	78400766	SNP1496
chr12	80396395	80396396	SNP1497
chr12	82068517	82068518	SNP1498
chr12	82621770	82621771	SNP1499
chr12	84540178	84540179	SNP1500
chr12	84749184	84749185	SNP1501
chr12	85735455	85735456	SNP1502
chr12	88286274	88286275	SNP1503
chr12	88962369	88962370	SNP1504
chr12	89506781	89506782	SNP1505
chr12	93802207	93802208	SNP1506
chr12	99505760	99505761	SNP1507
chr12	101149725	101149726	SNP1508
chr12	102728194	102728195	SNP1509
chr12	103715240	103715241	SNP1510
chr12	104533568	104533569	SNP1511
chr12	104795729	104795730	SNP1512
chr12	106368696	106368697	SNP1513
chr12	108710492	108710493	SNP1514
chr12	114216048	114216049	SNP1515
chr12	114711026	114711027	SNP1516
chr12	115482185	115482186	SNP1517
chr12	116752311	116752312	SNP1518
chr12	118970413	118970414	SNP1519
chr12	119178777	119178778	SNP1520
chr12	119723177	119723178	SNP1521
chr12	120473013	120473014	SNP1522
chr12	122770906	122770907	SNP1523
chr12	126582303	126582304	SNP1524
chr12	126977423	126977424	SNP1525
chr12	127219462	127219463	SNP1526
chr12	131679318	131679319	SNP1527
chr12	131777807	131777808	SNP1528
chr12	131959875	131959876	SNP1529
chr12	132151951	132151952	SNP1530
chr13	19267077	19267078	SNP1531
chr13	19274386	19274387	SNP1532
chr13	19320319	19320320	SNP1533
chr13	19350258	19350259	SNP1534
chr13	19350262	19350263	SNP1535
chr13	20619363	20619364	SNP1536
chr13	21536111	21536112	SNP1537
chr13	23519357	23519358	SNP1538
chr13	23540522	23540523	SNP1539
chr13	24291155	24291156	SNP1540
chr13	27010865	27010866	SNP1541
chr13	28048821	28048822	SNP1542
chr13	28520185	28520186	SNP1543
chr13	30075519	30075520	SNP1544
chr13	31371496	31371497	SNP1545
chr13	34122765	34122766	SNP1546
chr13	35304748	35304749	SNP1547
chr13	35474170	35474171	SNP1548
chr13	35766059	35766060	SNP1549
chr13	36037855	36037856	SNP1550
chr13	38588869	38588870	SNP1551
chr13	40172675	40172676	SNP1552
chr13	46121606	46121607	SNP1553
chr13	53490588	53490589	SNP1554
chr13	55594182	55594183	SNP1555
chr13	56922361	56922362	SNP1556
chr13	57396100	57396101	SNP1557
chr13	57494078	57494079	SNP1558
chr13	58191759	58191760	SNP1559
chr13	58565527	58565528	SNP1560
chr13	59453593	59453594	SNP1561
chr13	62065997	62065998	SNP1562
chr13	63598414	63598415	SNP1563
chr13	64598551	64598552	SNP1564
chr13	64746647	64746648	SNP1565
chr13	64868373	64868374	SNP1566
chr13	64868375	64868376	SNP1567
chr13	65064284	65064285	SNP1568
chr13	66053481	66053482	SNP1569
chr13	66173663	66173664	SNP1570
chr13	66551922	66551923	SNP1571
chr13	69031277	69031278	SNP1572
chr13	70706442	70706443	SNP1573
chr13	71097419	71097420	SNP1574
chr13	71552397	71552398	SNP1575
chr13	72775342	72775343	SNP1576
chr13	79442865	79442866	SNP1577
chr13	79817931	79817932	SNP1578
chr13	80414759	80414760	SNP1579
chr13	80414794	80414795	SNP1580
chr13	81659022	81659023	SNP1581
chr13	82365004	82365005	SNP1582
chr13	82743157	82743158	SNP1583
chr13	84507454	84507455	SNP1584
chr13	84591314	84591315	SNP1585
chr13	84697908	84697909	SNP1586
chr13	85287778	85287779	SNP1587
chr13	86151648	86151649	SNP1588
chr13	88988195	88988196	SNP1589
chr13	89494153	89494154	SNP1590
chr13	89746975	89746976	SNP1591
chr13	91481141	91481142	SNP1592
chr13	92135003	92135004	SNP1593
chr13	92405409	92405410	SNP1594
chr13	92962822	92962823	SNP1595
chr13	93294174	93294175	SNP1596
chr13	93965468	93965469	SNP1597
chr13	94738174	94738175	SNP1598
chr13	97413604	97413605	SNP1599
chr13	97447664	97447665	SNP1600
chr13	99426086	99426087	SNP1601
chr13	105879973	105879974	SNP1602
chr13	105887660	105887661	SNP1603
chr13	108462387	108462388	SNP1604
chr14	21038825	21038826	SNP1605
chr14	21327226	21327227	SNP1606
chr14	21330759	21330760	SNP1607
chr14	21610589	21610590	SNP1608
chr14	23459640	23459641	SNP1609
chr14	23717949	23717950	SNP1610
chr14	25242158	25242159	SNP1611
chr14	25378959	25378960	SNP1612
chr14	28831766	28831767	SNP1613
chr14	29837109	29837110	SNP1614
chr14	29861963	29861964	SNP1615
chr14	30058424	30058425	SNP1616
chr14	35618556	35618557	SNP1617
chr14	35841718	35841719	SNP1618
chr14	37157798	37157799	SNP1619
chr14	37983123	37983124	SNP1620
chr14	39804203	39804204	SNP1621
chr14	40107371	40107372	SNP1622
chr14	41092543	41092544	SNP1623
chr14	41609412	41609413	SNP1624
chr14	41948748	41948749	SNP1625
chr14	43377756	43377757	SNP1626
chr14	43635956	43635957	SNP1627
chr14	44745947	44745948	SNP1628
chr14	45854087	45854088	SNP1629
chr14	46090461	46090462	SNP1630
chr14	46335352	46335353	SNP1631
chr14	46678849	46678850	SNP1632
chr14	47573632	47573633	SNP1633
chr14	48322730	48322731	SNP1634
chr14	50552520	50552521	SNP1635
chr14	56072480	56072481	SNP1636
chr14	57523696	57523697	SNP1637
chr14	62437086	62437087	SNP1638
chr14	62721771	62721772	SNP1639
chr14	63633090	63633091	SNP1640
chr14	66006963	66006964	SNP1641
chr14	67062544	67062545	SNP1642
chr14	69258594	69258595	SNP1643
chr14	71641918	71641919	SNP1644
chr14	73469824	73469825	SNP1645
chr14	73913624	73913625	SNP1646
chr14	78337908	78337909	SNP1647
chr14	80983633	80983634	SNP1648
chr14	83021225	83021226	SNP1649
chr14	83440472	83440473	SNP1650
chr14	83858091	83858092	SNP1651
chr14	83956590	83956591	SNP1652
chr14	84955674	84955675	SNP1653
chr14	85058894	85058895	SNP1654
chr14	86439217	86439218	SNP1655
chr14	87524184	87524185	SNP1656
chr14	88523315	88523316	SNP1657
chr14	91546864	91546865	SNP1658
chr14	92551530	92551531	SNP1659
chr14	96356672	96356673	SNP1660
chr14	98484776	98484777	SNP1661
chr14	98619689	98619690	SNP1662
chr14	99435534	99435535	SNP1663
chr14	100291525	100291526	SNP1664
chr14	101363572	101363573	SNP1665
chr14	102155090	102155091	SNP1666
chr14	102544588	102544589	SNP1667
chr14	102877527	102877528	SNP1668
chr14	104986182	104986183	SNP1669
chr15	24411264	24411265	SNP1670
chr15	24484617	24484618	SNP1671
chr15	24493243	24493244	SNP1672
chr15	24595045	24595046	SNP1673
chr15	24716043	24716044	SNP1674
chr15	24770574	24770575	SNP1675
chr15	24791771	24791772	SNP1676
chr15	24801563	24801564	SNP1677
chr15	24801623	24801624	SNP1678
chr15	24801629	24801630	SNP1679
chr15	24819426	24819427	SNP1680
chr15	25083604	25083605	SNP1681
chr15	25375860	25375861	SNP1682
chr15	25379939	25379940	SNP1683
chr15	27466050	27466051	SNP1684
chr15	28953230	28953231	SNP1685
chr15	29341366	29341367	SNP1686
chr15	30148169	30148170	SNP1687
chr15	31093192	31093193	SNP1688
chr15	31468403	31468404	SNP1689
chr15	31516540	31516541	SNP1690
chr15	32299059	32299060	SNP1691
chr15	32810277	32810278	SNP1692
chr15	36173806	36173807	SNP1693
chr15	37458040	37458041	SNP1694
chr15	39244796	39244797	SNP1695
chr15	41747296	41747297	SNP1696
chr15	46510658	46510659	SNP1697
chr15	47257520	47257521	SNP1698
chr15	47899595	47899596	SNP1699
chr15	48021057	48021058	SNP1700
chr15	57619124	57619125	SNP1701
chr15	64670095	64670096	SNP1702
chr15	66733324	66733325	SNP1703
chr15	69728611	69728612	SNP1704
chr15	72666233	72666234	SNP1705
chr15	75768816	75768817	SNP1706
chr15	78599692	78599693	SNP1707
chr15	78622129	78622130	SNP1708
chr15	79015975	79015976	SNP1709
chr15	79058307	79058308	SNP1710
chr15	79499908	79499909	SNP1711
chr15	81087718	81087719	SNP1712
chr15	81139563	81139564	SNP1713
chr15	84319156	84319157	SNP1714
chr15	87256678	87256679	SNP1715
chr15	87751659	87751660	SNP1716
chr15	88201325	88201326	SNP1717
chr15	90795995	90795996	SNP1718
chr15	93577726	93577727	SNP1719
chr15	95965071	95965072	SNP1720
chr15	96443186	96443187	SNP1721
chr15	96992380	96992381	SNP1722
chr15	97183478	97183479	SNP1723
chr15	97916237	97916238	SNP1724
chr16	1961588	1961589	SNP1725
chr16	4535182	4535183	SNP1726
chr16	5306609	5306610	SNP1727
chr16	5307090	5307091	SNP1728
chr16	5330140	5330141	SNP1729
chr16	5330264	5330265	SNP1730
chr16	5430112	5430113	SNP1731
chr16	10484621	10484622	SNP1732
chr16	11919507	11919508	SNP1733
chr16	13941669	13941670	SNP1734
chr16	18681237	18681238	SNP1735
chr16	18681252	18681253	SNP1736
chr16	18681255	18681256	SNP1737
chr16	22995120	22995121	SNP1738
chr16	24521619	24521620	SNP1739
chr16	24679386	24679387	SNP1740
chr16	25741532	25741533	SNP1741
chr16	25820336	25820337	SNP1742
chr16	29440034	29440035	SNP1743
chr16	30931218	30931219	SNP1744
chr16	31002833	31002834	SNP1745
chr16	31728569	31728570	SNP1746
chr16	31760171	31760172	SNP1747
chr16	31996328	31996329	SNP1748
chr16	34857539	34857540	SNP1749
chr16	35040565	35040566	SNP1750
chr16	47159512	47159513	SNP1751
chr16	49631890	49631891	SNP1752
chr16	51890030	51890031	SNP1753
chr16	52029469	52029470	SNP1754
chr16	52747699	52747700	SNP1755
chr16	57308200	57308201	SNP1756
chr16	59585315	59585316	SNP1757
chr16	59965462	59965463	SNP1758
chr16	60056326	60056327	SNP1759
chr16	60448504	60448505	SNP1760
chr16	60615216	60615217	SNP1761
chr16	60910318	60910319	SNP1762
chr16	62835747	62835748	SNP1763
chr16	63953844	63953845	SNP1764
chr16	66286531	66286532	SNP1765
chr16	68667766	68667767	SNP1766
chr16	70126525	70126526	SNP1767
chr16	70995845	70995846	SNP1768
chr16	73598192	73598193	SNP1769
chr16	74819780	74819781	SNP1770
chr16	77639035	77639036	SNP1771
chr16	77896424	77896425	SNP1772
chr16	78304361	78304362	SNP1773
chr16	82701491	82701492	SNP1774
chr16	83981605	83981606	SNP1775
chr16	86292650	86292651	SNP1776
chr16	89288292	89288293	SNP1777
chr16	90161493	90161494	SNP1778
chr17	1471319	1471320	SNP1779
chr17	2407092	2407093	SNP1780
chr17	5715916	5715917	SNP1781
chr17	5816568	5816569	SNP1782
chr17	6937456	6937457	SNP1783
chr17	8524843	8524844	SNP1784
chr17	11735272	11735273	SNP1785
chr17	11765812	11765813	SNP1786
chr17	12095156	12095157	SNP1787
chr17	13204332	13204333	SNP1788
chr17	15661352	15661353	SNP1789
chr17	17983756	17983757	SNP1790
chr17	18308677	18308678	SNP1791
chr17	18320280	18320281	SNP1792
chr17	19907930	19907931	SNP1793
chr17	20347920	20347921	SNP1794
chr17	20409193	20409194	SNP1795
chr17	20510797	20510798	SNP1796
chr17	21936908	21936909	SNP1797
chr17	26950447	26950448	SNP1798
chr17	28082639	28082640	SNP1799
chr17	28893906	28893907	SNP1800
chr17	30016002	30016003	SNP1801
chr17	33723165	33723166	SNP1802
chr17	33769216	33769217	SNP1803
chr17	33936193	33936194	SNP1804
chr17	36674938	36674939	SNP1805
chr17	39238231	39238232	SNP1806
chr17	39574493	39574494	SNP1807
chr17	40846445	40846446	SNP1808
chr17	42209388	42209389	SNP1809
chr17	45112523	45112524	SNP1810
chr17	46254607	46254608	SNP1811
chr17	47336316	47336317	SNP1812
chr17	47828550	47828551	SNP1813
chr17	48588719	48588720	SNP1814
chr17	50269134	50269135	SNP1815
chr17	54092904	54092905	SNP1816
chr17	54139316	54139317	SNP1817
chr17	56409148	56409149	SNP1818
chr17	57485049	57485050	SNP1819
chr17	57793344	57793345	SNP1820
chr17	58452920	58452921	SNP1821
chr17	58686376	58686377	SNP1822
chr17	58972451	58972452	SNP1823
chr17	61783928	61783929	SNP1824
chr17	62795085	62795086	SNP1825
chr17	62862370	62862371	SNP1826
chr17	68827936	68827937	SNP1827
chr17	68862461	68862462	SNP1828
chr17	71424574	71424575	SNP1829
chr17	71926516	71926517	SNP1830
chr17	73200800	73200801	SNP1831
chr17	73565738	73565739	SNP1832
chr17	79495320	79495321	SNP1833
chr18	3404446	3404447	SNP1834
chr18	4253749	4253750	SNP1835
chr18	5035473	5035474	SNP1836
chr18	6274875	6274876	SNP1837
chr18	6565034	6565035	SNP1838
chr18	9149975	9149976	SNP1839
chr18	11914929	11914930	SNP1840
chr18	12202172	12202173	SNP1841
chr18	12210307	12210308	SNP1842
chr18	13980312	13980313	SNP1843
chr18	14319310	14319311	SNP1844
chr18	14420172	14420173	SNP1845
chr18	14435433	14435434	SNP1846
chr18	14446929	14446930	SNP1847
chr18	15173507	15173508	SNP1848
chr18	15173528	15173529	SNP1849
chr18	15173563	15173564	SNP1850
chr18	15199245	15199246	SNP1851
chr18	15343627	15343628	SNP1852
chr18	15363385	15363386	SNP1853
chr18	19443043	19443044	SNP1854
chr18	20926356	20926357	SNP1855
chr18	21867847	21867848	SNP1856
chr18	22204481	22204482	SNP1857
chr18	22341501	22341502	SNP1858
chr18	23313587	23313588	SNP1859
chr18	27370600	27370601	SNP1860
chr18	30673711	30673712	SNP1861
chr18	31543768	31543769	SNP1862
chr18	32004091	32004092	SNP1863
chr18	32137405	32137406	SNP1864
chr18	33458502	33458503	SNP1865
chr18	37773274	37773275	SNP1866
chr18	38984044	38984045	SNP1867
chr18	40603575	40603576	SNP1868
chr18	41884831	41884832	SNP1869
chr18	42063589	42063590	SNP1870
chr18	42397349	42397350	SNP1871
chr18	43918588	43918589	SNP1872
chr18	57991479	57991480	SNP1873
chr18	58922668	58922669	SNP1874
chr18	59718001	59718002	SNP1875
chr18	61955194	61955195	SNP1876
chr18	63150348	63150349	SNP1877
chr18	63595576	63595577	SNP1878
chr18	64303753	64303754	SNP1879
chr18	66053777	66053778	SNP1880
chr18	66595453	66595454	SNP1881
chr18	67108479	67108480	SNP1882
chr18	68014993	68014994	SNP1883
chr18	75884163	75884164	SNP1884
chr18	76042544	76042545	SNP1885
chr18	76487344	76487345	SNP1886
chr18	76636657	76636658	SNP1887
chr19	4302661	4302662	SNP1888
chr19	5351411	5351412	SNP1889
chr19	7850939	7850940	SNP1890
chr19	9670336	9670337	SNP1891
chr19	10857303	10857304	SNP1892
chr19	11681441	11681442	SNP1893
chr19	11681450	11681451	SNP1894
chr19	11804808	11804809	SNP1895
chr19	13462293	13462294	SNP1896
chr19	14088247	14088248	SNP1897
chr19	14643118	14643119	SNP1898
chr19	16896202	16896203	SNP1899
chr19	18007571	18007572	SNP1900
chr19	20937324	20937325	SNP1901
chr19	23231899	23231900	SNP1902
chr19	23730288	23730289	SNP1903
chr19	29334085	29334086	SNP1904
chr19	29585630	29585631	SNP1905
chr19	32232031	32232032	SNP1906
chr19	33258654	33258655	SNP1907
chr19	35588937	35588938	SNP1908
chr19	36305792	36305793	SNP1909
chr19	37368656	37368657	SNP1910
chr19	37680696	37680697	SNP1911
chr19	37804933	37804934	SNP1912
chr19	38117407	38117408	SNP1913
chr19	38319491	38319492	SNP1914
chr19	38478301	38478302	SNP1915
chr19	40245343	40245344	SNP1916
chr19	40545845	40545846	SNP1917
chr19	40767813	40767814	SNP1918
chr19	41349412	41349413	SNP1919
chr19	41671443	41671444	SNP1920
chr19	41671447	41671448	SNP1921
chr19	43036685	43036686	SNP1922
chr19	43648818	43648819	SNP1923
chr19	44484338	44484339	SNP1924
chr19	45370277	45370278	SNP1925
chr19	45896363	45896364	SNP1926
chr19	46504598	46504599	SNP1927
chr19	49054818	49054819	SNP1928
chr19	53679132	53679133	SNP1929
chr19	53848782	53848783	SNP1930
chr19	54002228	54002229	SNP1931
chr19	54215375	54215376	SNP1932
chr19	54745682	54745683	SNP1933
chr19	55018786	55018787	SNP1934
chr19	56873323	56873324	SNP1935
chr19	57422133	57422134	SNP1936
chr20	902913	902914	SNP1937
chr20	1435365	1435366	SNP1938
chr20	2963346	2963347	SNP1939
chr20	4163061	4163062	SNP1940
chr20	6349277	6349278	SNP1941
chr20	8525337	8525338	SNP1942
chr20	9336860	9336861	SNP1943
chr20	9809186	9809187	SNP1944
chr20	10141276	10141277	SNP1945
chr20	10928549	10928550	SNP1946
chr20	14054107	14054108	SNP1947
chr20	14570354	14570355	SNP1948
chr20	16116580	16116581	SNP1949
chr20	20362189	20362190	SNP1950
chr20	20888686	20888687	SNP1951
chr20	24024105	24024106	SNP1952
chr20	24118036	24118037	SNP1953
chr20	24498263	24498264	SNP1954
chr20	25336189	25336190	SNP1955
chr20	25408870	25408871	SNP1956
chr20	29943288	29943289	SNP1957
chr20	31070020	31070021	SNP1958
chr20	33188165	33188166	SNP1959
chr20	36767767	36767768	SNP1960
chr20	38326979	38326980	SNP1961
chr20	38683721	38683722	SNP1962
chr20	38870637	38870638	SNP1963
chr20	41947949	41947950	SNP1964
chr20	43995657	43995658	SNP1965
chr20	44134936	44134937	SNP1966
chr20	45682114	45682115	SNP1967
chr20	46454742	46454743	SNP1968
chr20	47319756	47319757	SNP1969
chr20	48312494	48312495	SNP1970
chr20	50944824	50944825	SNP1971
chr20	51168739	51168740	SNP1972
chr20	54529683	54529684	SNP1973
chr20	54604031	54604032	SNP1974
chr20	56296491	56296492	SNP1975
chr20	59082658	59082659	SNP1976
chr20	61296591	61296592	SNP1977
chr20	61355304	61355305	SNP1978
chr21	14865906	14865907	SNP1979
chr21	15657932	15657933	SNP1980
chr21	19796017	19796018	SNP1981
chr21	20417375	20417376	SNP1982
chr21	24049093	24049094	SNP1983
chr21	24244644	24244645	SNP1984
chr21	24793712	24793713	SNP1985
chr21	25335671	25335672	SNP1986
chr21	26246817	26246818	SNP1987
chr21	26911025	26911026	SNP1988
chr21	26935476	26935477	SNP1989
chr21	26935547	26935548	SNP1990
chr21	26935601	26935602	SNP1991
chr21	26935612	26935613	SNP1992
chr21	27545698	27545699	SNP1993
chr21	31871070	31871071	SNP1994
chr21	33638753	33638754	SNP1995
chr21	34887701	34887702	SNP1996
chr21	35973842	35973843	SNP1997
chr21	41322138	41322139	SNP1998
chr21	41556900	41556901	SNP1999
chr21	41637068	41637069	SNP2000
chr21	41809545	41809546	SNP2001
chr21	42935068	42935069	SNP2002
chr21	43383644	43383645	SNP2003
chr21	43736942	43736943	SNP2004
chr22	17497877	17497878	SNP2005
chr22	20262803	20262804	SNP2006
chr22	23653801	23653802	SNP2007
chr22	23659581	23659582	SNP2008
chr22	23660709	23660710	SNP2009
chr22	23660740	23660741	SNP2010
chr22	23660826	23660827	SNP2011
chr22	24459082	24459083	SNP2012
chr22	24654227	24654228	SNP2013
chr22	24659933	24659934	SNP2014
chr22	24660060	24660061	SNP2015
chr22	25053827	25053828	SNP2016
chr22	25296611	25296612	SNP2017
chr22	25648810	25648811	SNP2018
chr22	25829979	25829980	SNP2019
chr22	27767164	27767165	SNP2020
chr22	28932599	28932600	SNP2021
chr22	29079686	29079687	SNP2022
chr1	30791909	30791910	SNP2023
chr1	30957108	30957109	SNP2024
chr1	59151958	59151959	SNP2025
chr1	64061275	64061276	SNP2026
chr1	74023304	74023305	SNP2027
chr1	78803120	78803121	SNP2028
chr1	83533460	83533461	SNP2029
chr1	83534140	83534141	SNP2030
chr1	84390684	84390685	SNP2031
chr1	88528440	88528441	SNP2032
chr1	88677412	88677413	SNP2033
chr1	94585009	94585010	SNP2034
chr1	106955774	106955775	SNP2035
chr1	115441653	115441654	SNP2036
chr1	117312119	117312120	SNP2037
chr1	170058829	170058830	SNP2038
chr1	179279809	179279810	SNP2039
chr1	184317964	184317965	SNP2040
chr1	184318480	184318481	SNP2041
chr1	192890583	192890584	SNP2042
chr1	213690550	213690551	SNP2043
chr1	213691115	213691116	SNP2044
chr1	213794341	213794342	SNP2045
chr1	213794693	213794694	SNP2046
chr1	214831287	214831288	SNP2047
chr1	215099391	215099392	SNP2048
chr1	215593893	215593894	SNP2049
chr1	218281966	218281967	SNP2050
chr1	235476652	235476653	SNP2051
chr1	237535103	237535104	SNP2052
chr2	2701665	2701666	SNP2053
chr2	3343393	3343394	SNP2054
chr2	4529408	4529409	SNP2055
chr2	4530359	4530360	SNP2056
chr2	4809341	4809342	SNP2057
chr2	7721162	7721163	SNP2058
chr2	19935722	19935723	SNP2059
chr2	20512218	20512219	SNP2060
chr2	24025132	24025133	SNP2061
chr2	35527586	35527587	SNP2062
chr2	37504648	37504649	SNP2063
chr2	43627131	43627132	SNP2064
chr2	47313518	47313519	SNP2065
chr2	51500802	51500803	SNP2066
chr2	54553218	54553219	SNP2067
chr2	57567816	57567817	SNP2068
chr2	59911809	59911810	SNP2069
chr2	80575881	80575882	SNP2070
chr2	81432805	81432806	SNP2071
chr2	96900287	96900288	SNP2072
chr2	99254563	99254564	SNP2073
chr2	101148289	101148290	SNP2074
chr2	127965256	127965257	SNP2075
chr2	127965256	127965257	SNP2075
chr2	130963388	130963389	SNP2076
chr2	132226661	132226662	SNP2077
chr2	132227212	132227213	SNP2078
chr2	134556467	134556468	SNP2079
chr2	134716620	134716621	SNP2080
chr2	138992187	138992188	SNP2081
chr2	141138782	141138783	SNP2082
chr2	142146110	142146111	SNP2083
chr2	154100940	154100941	SNP2084
chr2	160467580	160467581	SNP2085
chr2	164195692	164195693	SNP2086
chr2	165255153	165255154	SNP2087
chr2	171183010	171183011	SNP2088
chr2	171539194	171539195	SNP2089
chr2	176885529	176885530	SNP2090
chr2	189131600	189131601	SNP2091
chr2	193714081	193714082	SNP2092
chr2	226335527	226335528	SNP2093
chr2	231054527	231054528	SNP2094
chr2	240939036	240939037	SNP2095
chr3	6035161	6035162	SNP2096
chr3	17703391	17703392	SNP2097
chr3	29552059	29552060	SNP2098
chr3	29688015	29688016	SNP2099
chr3	40690904	40690905	SNP2100
chr3	54731374	54731375	SNP2101
chr3	71342423	71342424	SNP2102
chr3	78886125	78886126	SNP2103
chr3	84271628	84271629	SNP2104
chr3	85753018	85753019	SNP2105
chr3	98123966	98123967	SNP2106
chr3	98124390	98124391	SNP2107
chr3	108724202	108724203	SNP2108
chr3	109782859	109782860	SNP2109
chr3	117557698	117557699	SNP2110
chr3	117991239	117991240	SNP2111
chr3	120914907	120914908	SNP2112
chr3	122110921	122110922	SNP2113
chr3	122159240	122159241	SNP2114
chr3	124253581	124253582	SNP2115
chr3	125509108	125509109	SNP2116
chr3	142660367	142660368	SNP2117
chr3	175989739	175989740	SNP2118
chr3	175990349	175990350	SNP2119
chr3	180539295	180539296	SNP2120
chr3	187463015	187463016	SNP2121
chr4	14150635	14150636	SNP2122
chr4	16005061	16005062	SNP2123
chr4	16170492	16170493	SNP2124
chr4	28294390	28294391	SNP2125
chr4	33008821	33008822	SNP2126
chr4	33114837	33114838	SNP2127
chr4	33115192	33115193	SNP2128
chr4	39515416	39515417	SNP2129
chr4	58857079	58857080	SNP2130
chr4	58857761	58857762	SNP2131
chr4	61415246	61415247	SNP2132
chr4	63016773	63016774	SNP2133
chr4	64229023	64229024	SNP2134
chr4	64229826	64229827	SNP2135
chr4	76311344	76311345	SNP2136
chr4	79027602	79027603	SNP2137
chr4	88869684	88869685	SNP2138
chr4	91443262	91443263	SNP2139
chr4	93714044	93714045	SNP2140
chr4	100256729	100256730	SNP2141
chr4	100264946	100264947	SNP2142
chr4	100265236	100265237	SNP2143
chr4	101232322	101232323	SNP2144
chr4	101779169	101779170	SNP2145
chr4	102543189	102543190	SNP2146
chr4	107859113	107859114	SNP2147
chr4	114050591	114050592	SNP2148
chr4	117628705	117628706	SNP2149
chr4	120296250	120296251	SNP2150
chr4	121730568	121730569	SNP2151
chr4	121731117	121731118	SNP2152
chr4	134255643	134255644	SNP2153
chr4	134278150	134278151	SNP2154
chr4	134278581	134278582	SNP2155
chr4	134445282	134445283	SNP2156
chr4	135105573	135105574	SNP2157
chr4	138864469	138864470	SNP2158
chr4	139554836	139554837	SNP2159
chr4	143053786	143053787	SNP2160
chr4	147070882	147070883	SNP2161
chr4	155642663	155642664	SNP2162
chr4	155643621	155643622	SNP2163
chr4	166299557	166299558	SNP2164
chr4	166322170	166322171	SNP2165
chr4	175716260	175716261	SNP2166
chr4	178117114	178117115	SNP2167
chr4	181372893	181372894	SNP2168
chr4	181373982	181373983	SNP2169
chr4	182873653	182873654	SNP2170
chr4	185679838	185679839	SNP2171
chr4	188783901	188783902	SNP2172
chr5	5851304	5851305	SNP2173
chr5	11957564	11957565	SNP2174
chr5	11958249	11958250	SNP2175
chr5	19100793	19100794	SNP2176
chr5	25623783	25623784	SNP2177
chr5	25623954	25623955	SNP2178
chr5	51493935	51493936	SNP2179
chr5	57699991	57699992	SNP2180
chr5	65926809	65926810	SNP2181
chr5	73523237	73523238	SNP2182
chr5	80287475	80287476	SNP2183
chr5	80311463	80311464	SNP2184
chr5	84075954	84075955	SNP2185
chr5	97082678	97082679	SNP2186
chr5	97557327	97557328	SNP2187
chr5	98894326	98894327	SNP2188
chr5	101401623	101401624	SNP2189
chr5	102926391	102926392	SNP2190
chr5	107906898	107906899	SNP2191
chr5	113663275	113663276	SNP2192
chr5	115336215	115336216	SNP2193
chr5	117147508	117147509	SNP2194
chr5	117147798	117147799	SNP2195
chr5	123658295	123658296	SNP2196
chr5	123908163	123908164	SNP2197
chr5	128068125	128068126	SNP2198
chr5	142177366	142177367	SNP2199
chr5	145072713	145072714	SNP2200
chr5	146554234	146554235	SNP2201
chr5	151215525	151215526	SNP2202
chr5	163170756	163170757	SNP2203
chr5	164230135	164230136	SNP2204
chr5	164230456	164230457	SNP2205
chr5	165154143	165154144	SNP2206
chr5	166260828	166260829	SNP2207
chr5	168196034	168196035	SNP2208
chr5	168289693	168289694	SNP2209
chr5	168289864	168289865	SNP2210
chr5	174022341	174022342	SNP2211
chr5	174813076	174813077	SNP2212
chr5	176141442	176141443	SNP2213
chr6	3782797	3782798	SNP2214
chr6	5902668	5902669	SNP2215
chr6	24391075	24391076	SNP2216
chr6	34270358	34270359	SNP2217
chr6	39934550	39934551	SNP2218
chr6	43231741	43231742	SNP2219
chr6	55076937	55076938	SNP2220
chr6	63512320	63512321	SNP2221
chr6	70404764	70404765	SNP2222
chr6	76822384	76822385	SNP2223
chr6	78096678	78096679	SNP2224
chr6	83919709	83919710	SNP2225
chr6	84100190	84100191	SNP2226
chr6	84100600	84100601	SNP2227
chr6	88710299	88710300	SNP2228
chr6	93160900	93160901	SNP2229
chr6	93665341	93665342	SNP2230
chr6	94054114	94054115	SNP2231
chr6	96054935	96054936	SNP2232
chr6	97753223	97753224	SNP2233
chr6	98032708	98032709	SNP2234
chr6	109035473	109035474	SNP2235
chr6	110244747	110244748	SNP2236
chr6	122666890	122666891	SNP2237
chr6	122704346	122704347	SNP2238
chr6	129060974	129060975	SNP2239
chr6	145247784	145247785	SNP2240
chr6	147916019	147916020	SNP2241
chr6	148511837	148511838	SNP2242
chr6	153663901	153663902	SNP2243
chr6	158399002	158399003	SNP2244
chr6	168909319	168909320	SNP2245
chr7	2372378	2372379	SNP2246
chr7	2372876	2372877	SNP2247
chr7	4895956	4895957	SNP2248
chr7	16851500	16851501	SNP2249
chr7	20982813	20982814	SNP2250
chr7	21033765	21033766	SNP2251
chr7	21034290	21034291	SNP2252
chr7	21046146	21046147	SNP2253
chr7	22242561	22242562	SNP2254
chr7	22593806	22593807	SNP2255
chr7	28695767	28695768	SNP2256
chr7	41014447	41014448	SNP2257
chr7	42407657	42407658	SNP2258
chr7	44430191	44430192	SNP2259
chr7	54510651	54510652	SNP2260
chr7	63608944	63608945	SNP2261
chr7	64185150	64185151	SNP2262
chr7	70673005	70673006	SNP2263
chr7	70673603	70673604	SNP2264
chr7	78180073	78180074	SNP2265
chr7	81067541	81067542	SNP2266
chr7	81068437	81068438	SNP2267
chr7	108068986	108068987	SNP2268
chr7	111665703	111665704	SNP2269
chr7	111719063	111719064	SNP2270
chr7	118509286	118509287	SNP2271
chr7	118895213	118895214	SNP2272
chr7	118895630	118895631	SNP2273
chr7	124196444	124196445	SNP2274
chr7	139640896	139640897	SNP2275
chr7	140260552	140260553	SNP2276
chr8	1151109	1151110	SNP2277
chr8	3737346	3737347	SNP2278
chr8	8608642	8608643	SNP2279
chr8	12475694	12475695	SNP2280
chr8	12479332	12479333	SNP2281
chr8	12479499	12479500	SNP2282
chr8	13540302	13540303	SNP2283
chr8	21461875	21461876	SNP2284
chr8	31326124	31326125	SNP2285
chr8	34147509	34147510	SNP2286
chr8	34148239	34148240	SNP2287
chr8	35972079	35972080	SNP2288
chr8	36111866	36111867	SNP2289
chr8	37152857	37152858	SNP2290
chr8	51002530	51002531	SNP2291
chr8	82697768	82697769	SNP2292
chr8	84265976	84265977	SNP2293
chr8	84548443	84548444	SNP2294
chr8	84559854	84559855	SNP2295
chr8	107040001	107040002	SNP2296
chr8	107040827	107040828	SNP2297
chr8	121225856	121225857	SNP2298
chr8	132483131	132483132	SNP2299
chr8	132538011	132538012	SNP2300
chr8	134944520	134944521	SNP2301
chr8	135273188	135273189	SNP2302
chr8	137259890	137259891	SNP2303
chr8	140865448	140865449	SNP2304
chr8	140875002	140875003	SNP2305
chr8	145829575	145829576	SNP2306
chr9	11128148	11128149	SNP2307
chr9	12620070	12620071	SNP2308
chr9	12620572	12620573	SNP2309
chr9	14878519	14878520	SNP2310
chr9	20266189	20266190	SNP2311
chr9	20267021	20267022	SNP2312
chr9	25142709	25142710	SNP2313
chr9	25143480	25143481	SNP2314
chr9	33919599	33919600	SNP2315
chr9	38284310	38284311	SNP2316
chr9	82755908	82755909	SNP2317
chr9	82756594	82756595	SNP2318
chr9	85858363	85858364	SNP2319
chr9	108822093	108822094	SNP2320
chr9	108961201	108961202	SNP2321
chr9	109448101	109448102	SNP2322
chr9	109448242	109448243	SNP2323
chr9	114982798	114982799	SNP2324
chr9	115792605	115792606	SNP2325
chr9	117938874	117938875	SNP2326
chr9	118049291	118049292	SNP2327
chr9	121999624	121999625	SNP2328
chr9	122000463	122000464	SNP2329
chr9	137434337	137434338	SNP2330
chr9	140322404	140322405	SNP2331
chr10	1794954	1794955	SNP2332
chr10	15500206	15500207	SNP2333
chr10	24351842	24351843	SNP2334
chr10	28552553	28552554	SNP2335
chr10	30108560	30108561	SNP2336
chr10	33679902	33679903	SNP2337
chr10	37907695	37907696	SNP2338
chr10	37908416	37908417	SNP2339
chr10	46104060	46104061	SNP2340
chr10	50132317	50132318	SNP2341
chr10	52731919	52731920	SNP2342
chr10	59367194	59367195	SNP2343
chr10	67038069	67038070	SNP2344
chr10	67038162	67038163	SNP2345
chr10	67415554	67415555	SNP2346
chr10	70725128	70725129	SNP2347
chr10	80555966	80555967	SNP2348
chr10	81992178	81992179	SNP2349
chr10	95235933	95235934	SNP2350
chr10	99298476	99298477	SNP2351
chr10	100047185	100047186	SNP2352
chr10	101534609	101534610	SNP2353
chr10	117270030	117270031	SNP2354
chr10	127114970	127114971	SNP2355
chr10	132072537	132072538	SNP2356
chr11	3586094	3586095	SNP2357
chr11	5049949	5049950	SNP2358
chr11	7629274	7629275	SNP2359
chr11	10188338	10188339	SNP2360
chr11	17027653	17027654	SNP2361
chr11	24818305	24818306	SNP2362
chr11	33639335	33639336	SNP2363
chr11	41407723	41407724	SNP2364
chr11	41846008	41846009	SNP2365
chr11	46634465	46634466	SNP2366
chr11	47110592	47110593	SNP2367
chr11	47907575	47907576	SNP2368
chr11	62976503	62976504	SNP2369
chr11	66204461	66204462	SNP2370
chr11	67739327	67739328	SNP2371
chr11	90280181	90280182	SNP2372
chr11	91224853	91224854	SNP2373
chr11	91900231	91900232	SNP2374
chr11	99467726	99467727	SNP2375
chr11	103323092	103323093	SNP2376
chr11	104314058	104314059	SNP2377
chr11	111324283	111324284	SNP2378
chr11	116537962	116537963	SNP2379
chr11	123269712	123269713	SNP2380
chr11	124237880	124237881	SNP2381
chr12	2766942	2766943	SNP2382
chr12	6068520	6068521	SNP2383
chr12	12825237	12825238	SNP2384
chr12	16226152	16226153	SNP2385
chr12	23065782	23065783	SNP2386
chr12	33738098	33738099	SNP2387
chr12	39188452	39188453	SNP2388
chr12	40571641	40571642	SNP2389
chr12	42788142	42788143	SNP2390
chr12	43103141	43103142	SNP2391
chr12	53743064	53743065	SNP2392
chr12	54021138	54021139	SNP2393
chr12	54774539	54774540	SNP2394
chr12	56396953	56396954	SNP2395
chr12	56483535	56483536	SNP2396
chr12	57826639	57826640	SNP2397
chr12	67351197	67351198	SNP2398
chr12	67566575	67566576	SNP2399
chr12	71343402	71343403	SNP2400
chr12	84266520	84266521	SNP2401
chr12	101149886	101149887	SNP2402
chr12	109893514	109893515	SNP2403
chr12	110051092	110051093	SNP2404
chr12	120038723	120038724	SNP2405
chr12	122770730	122770731	SNP2406
chr12	126977387	126977388	SNP2407
chr12	131294626	131294627	SNP2408
chr13	19267089	19267090	SNP2409
chr13	24600424	24600425	SNP2410
chr13	27660691	27660692	SNP2411
chr13	29352014	29352015	SNP2412
chr13	33823414	33823415	SNP2413
chr13	35766256	35766257	SNP2414
chr13	36177323	36177324	SNP2415
chr13	49870622	49870623	SNP2416
chr13	59453073	59453074	SNP2417
chr13	59453599	59453600	SNP2418
chr13	61561216	61561217	SNP2419
chr13	62065772	62065773	SNP2420
chr13	64868798	64868799	SNP2421
chr13	84624008	84624009	SNP2422
chr13	93047535	93047536	SNP2423
chr13	93965494	93965495	SNP2424
chr13	102836774	102836775	SNP2425
chr14	21326665	21326666	SNP2426
chr14	29837001	29837002	SNP2427
chr14	29862375	29862376	SNP2428
chr14	30057831	30057832	SNP2429
chr14	33874608	33874609	SNP2430
chr14	39411367	39411368	SNP2431
chr14	46678271	46678272	SNP2432
chr14	46679281	46679282	SNP2433
chr14	48763299	48763300	SNP2434
chr14	49863200	49863201	SNP2435
chr14	57234491	57234492	SNP2436
chr14	83857781	83857782	SNP2437
chr14	83956482	83956483	SNP2438
chr14	96356164	96356165	SNP2439
chr14	96357082	96357083	SNP2440
chr14	96662764	96662765	SNP2441
chr14	99828776	99828777	SNP2442
chr15	24410810	24410811	SNP2443
chr15	24715892	24715893	SNP2444
chr15	28320964	28320965	SNP2445
chr15	36174371	36174372	SNP2446
chr15	47256943	47256944	SNP2447
chr15	61173359	61173360	SNP2448
chr15	79396520	79396521	SNP2449
chr15	84319579	84319580	SNP2450
chr15	88200924	88200925	SNP2451
chr15	88201352	88201353	SNP2452
chr15	95673939	95673940	SNP2453
chr16	1962132	1962133	SNP2454
chr16	11919322	11919323	SNP2455
chr16	13807427	13807428	SNP2456
chr16	49631880	49631881	SNP2457
chr16	49632029	49632030	SNP2458
chr16	52748247	52748248	SNP2459
chr16	53559392	53559393	SNP2460
chr16	57308125	57308126	SNP2461
chr16	57308423	57308424	SNP2462
chr16	59545192	59545193	SNP2463
chr16	61741470	61741471	SNP2464
chr16	74819320	74819321	SNP2465
chr16	83366384	83366385	SNP2466
chr17	20348230	20348231	SNP2467
chr17	32793768	32793769	SNP2468
chr17	45112141	45112142	SNP2469
chr17	45112773	45112774	SNP2470
chr17	48909460	48909461	SNP2471
chr17	55804691	55804692	SNP2472
chr17	58912708	58912709	SNP2473
chr17	66479871	66479872	SNP2474
chr17	67933364	67933365	SNP2475
chr17	74413788	74413789	SNP2476
chr18	4253242	4253243	SNP2477
chr18	4970969	4970970	SNP2478
chr18	5034894	5034895	SNP2479
chr18	5036020	5036021	SNP2480
chr18	8555808	8555809	SNP2481
chr18	26222124	26222125	SNP2482
chr18	27370666	27370667	SNP2483
chr18	29890042	29890043	SNP2484
chr18	33294816	33294817	SNP2485
chr18	50855622	50855623	SNP2486
chr18	59718191	59718192	SNP2487
chr18	60074865	60074866	SNP2488
chr18	72821561	72821562	SNP2489
chr19	18062399	18062400	SNP2490
chr19	33950277	33950278	SNP2491
chr19	38477855	38477856	SNP2492
chr19	38478465	38478466	SNP2493
chr19	43649306	43649307	SNP2494
chr19	44484075	44484076	SNP2495
chr19	44484523	44484524	SNP2496
chr19	48193320	48193321	SNP2497
chr19	52384061	52384062	SNP2498
chr19	57422127	57422128	SNP2499
chr19	57422627	57422628	SNP2500
chr20	1303953	1303954	SNP2501
chr20	7902273	7902274	SNP2502
chr20	11972186	11972187	SNP2503
chr20	12799127	12799128	SNP2504
chr20	20182561	20182562	SNP2505
chr20	41947912	41947913	SNP2506
chr20	41948048	41948049	SNP2507
chr20	43548739	43548740	SNP2508
chr20	50470584	50470585	SNP2509
chr20	51418745	51418746	SNP2510
chr20	57492504	57492505	SNP2511
chr20	61961660	61961661	SNP2512
chr21	15658373	15658374	SNP2513
chr21	26137896	26137897	SNP2514
chr21	26935714	26935715	SNP2515
chr21	35973396	35973397	SNP2516
chr21	35973899	35973900	SNP2517
chr21	43531808	43531809	SNP2518
chr22	24843802	24843803	SNP2519
chr22	34973828	34973829	SNP2520
chr22	37211803	37211804	SNP2521
chr22	38607534	38607535	SNP2522
chr1	34721288	34721289	InDel1
chr1	105732975	105732975	InDel2
chr1	110831203	110831203	InDel3
chr1	158656427	158656428	InDel4
chr2	14020997	14020998	InDel5
chr2	194844479	194844480	InDel6
chr3	21074945	21074945	InDel7
chr3	35838958	35838959	InDel8
chr3	136905399	136905399	InDel9
chr3	151389282	151389282	InDel10
chr3	161664307	161664308	InDel11
chr4	47378045	47378045	InDel12
chr4	47718914	47718915	InDel13
chr4	107152377	107152377	InDel14
chr4	125719769	125719769	InDel15
chr5	13564488	13564488	InDel16
chr5	21909026	21909026	InDel17
chr5	51915338	51915339	InDel18
chr5	56593023	56593023	InDel19
chr5	64533912	64533913	InDel20
chr5	113343717	113343717	InDel21
chr5	172368858	172368858	InDel22
chr6	12939563	12939578	InDel23
chr6	66808568	66808568	InDel24
chr6	113104817	113104818	InDel25
chr6	129529413	129529413	InDel26
chr7	97539388	97539392	InDel27
chr8	61346584	61346584	InDel28
chr8	72571766	72571766	InDel29
chr10	7068061	7068062	InDel30
chr10	18993262	18993262	InDel31
chr10	35820555	35820555	InDel32
chr10	52036819	52036820	InDel33
chr10	58754494	58754495	InDel34
chr11	16124911	16124911	InDel35
chr11	88254883	88254884	InDel36
chr11	124014329	124014329	InDel37
chr12	84740021	84740021	InDel38
chr12	98554530	98554530	InDel39
chr13	77116214	77116214	InDel40
chr14	87958702	87958702	InDel41
chr14	91509870	91509870	InDel42
chr14	92111539	92111542	InDel43
chr14	101484023	101484023	InDel44
chr15	57224692	57224692	InDel45
chr15	85364210	85364211	InDel46
chr18	32004088	32004088	InDel47
chr18	51565242	51565242	InDel48
chr20	49225673	49225673	InDel49
